user_name,user_city,comment,praise,date,sentiment
丹山风,山东,好听,0,2024-11-20 23:59:28,0.33333333333333337
两次春风起,陕西,好听,0,2024-11-20 23:49:52,0.33333333333333337
悸鹿妍_,安徽,总会突然想哭 觉得我这一路走来太多坎坷,0,2024-11-20 18:11:28,0.9847029891743101
Wo好无聊a-,陕西,谈恋爱时候最让我高兴的视频通话的铃声，也变成了分开之后不敢再听的歌,0,2024-11-20 17:07:46,0.8172191171248278
-楠不难0,云南,哈哈哈,0,2024-11-20 15:42:26,0.8684210526315791
Aaa呆小鱼,福建,婚姻法第7条:禁止娶抑郁患者为妻.,0,2024-11-20 13:26:19,0.846457261768927
Aaa呆小鱼,福建,婚姻法第7条:禁止娶抑郁症患者为妻.,0,2024-11-20 13:23:09,0.8921486442779342
我想抓那天上的月亮,北京,我是蒲公英 我只为你停留,0,2024-11-20 11:50:51,0.57013975086822
BRAVE-010203,安徽,一直放不下，现在还是经常回忆起来，对方或许早就不是我心里的样子，每次听到这首歌总是不自觉想起来，还是很庆幸在学生时代的尾声有这么一段回忆吧，或许也是怀念那时候的自己纯粹对未来充满期待，淮北的刘雨同学，不对现在应该是老师了，不打扰了，现在还好吗,0,2024-11-20 02:22:32,0.999999999294328
第四十四行诗,新疆,祝你爱如惊春,0,2024-11-20 01:43:43,0.9913916190215531
别说做不到的话,湖南,本来挺喜欢你的 想想你做的那些事 其实你也就那样,1,2024-11-19 23:50:56,0.7550290245812986
都会好烦烦烦,广东,天天开心,0,2024-11-19 21:13:13,0.8834014393042217
都会好烦烦烦,广东,99,0,2024-11-19 21:12:56,0.4545454545454545
_我只爱宝宝一个人,上海,长长99,0,2024-11-19 20:34:27,0.20005327733018652
-小蠢-,广西,喜欢拥抱 更喜欢冬天的拥抱 相互依偎的温暖.接下来就是 卫衣 初雪 跨年 烟花 和有你的冬天我不是对谁都好 仅你而已.蒲公英一吹就散 哪有什么约定,0,2024-11-19 19:28:10,0.9999949460689396
-小蠢-,广西,任何人在任何时候突然分道扬镳都很正常你总是问我想要什么 于是我看着你突然好想叹气你太会权衡利弊 后悔这个词永远不会出现在你的字典里聊天记录不敢删 上面有你爱我的样子,1,2024-11-19 19:27:32,0.6598408565165874
-小蠢-,广西,聊天框里好安静 我以为我们永远有话说本以为你会拥抱我的不堪 没想到你也是刺向我的一把刀冬天的约定你和我人变心的时候  根本不会刹车,0,2024-11-19 19:26:51,0.2588311917666535
-小蠢-,广西,重新认识一下 想妳^  顶峰相见.接下来就是下雪  寒假  跨年  烟花露出点破绽吧 让我知道你在想我难养的花 也会遇到最好的花匠,0,2024-11-19 19:25:57,0.28436674462629075
水蓝色荧光笔,河南,好听,0,2024-11-19 19:17:27,0.33333333333333337
水蓝色荧光笔,河南,是啊,0,2024-11-19 19:15:21,0.5262327818078083
水蓝色荧光笔,河南,祝福,0,2024-11-19 19:14:39,0.9473684210526315
三生生生生w,北京,你超棒的！要自信呀,0,2024-11-19 17:19:27,0.9938670604479283
uyfytfuyivgf,浙江,或许一开始就没动过心,0,2024-11-19 15:39:30,0.7764558715959017
他夏了夏天閮,广东,好羡慕啊！,0,2024-11-19 14:39:54,0.9898786469420197
高冷帅气霸总,江西,待我如初多少钱我买,0,2024-11-19 14:34:37,0.2637105030452598
ORIU,北京,但一定得向阳而生，因为太阳就是它唯一的希望[多多大笑],0,2024-11-19 13:33:50,0.8852579642210023
綫沅,山西,随心所欲是心里的top1,1,2024-11-18 23:58:21,0.6117295695113586
林阿软,上海,坐等黑胶[可爱],0,2024-11-18 23:44:37,0.5671600826226209
冰岛思绪,河南,爱本就瞬息万变 一直和永远只是助兴词,0,2024-11-18 21:37:37,0.7220169496876355
难祈福-,河北,和好如初太难幸福这条路我选择独行.,0,2024-11-18 21:16:00,0.977406671185351
羽延_,山东,昨晚我带着现任，去大学校外的海边，把和前任一起写的7本日记用力的全部扔进海里,0,2024-11-18 21:09:54,0.45897203479679294
死神之银之守墓人银,广东,自己好好生活吧！加油陌生人[强],0,2024-11-18 19:39:25,0.9442406417235446
wu无敌_,浙江,可我们从来就没拥有过瞬间的幸福啊[流感],0,2024-11-18 18:34:53,0.9965231948230774
文案难风,广东,没有什么恋爱脑 只不过是在这段感情中动了真心罢了[钟情],1,2024-11-18 18:34:37,0.9983829805359914
文案难风,广东,没有什么恋爱脑 只不过是在这段感情中动了真心罢了[心碎],1,2024-11-18 18:32:26,0.9995143444406528
再特别,广西,是的,0,2024-11-18 18:07:16,0.5262327818078083
冷冰冰的诺言_ApQN,江苏,如果喜欢他，就大声喊出他名字,1,2024-11-18 17:37:04,0.4267160262667805
冷冰冰的诺言_ApQN,江苏,如果喜欢他，就大声喊出他的名字,1,2024-11-18 17:36:24,0.4267160262667805
明minning,河北,恭喜,0,2024-11-18 14:24:30,0.7499999999999999
群居fw,广东,恭喜,0,2024-11-18 13:17:17,0.7499999999999999
眼泪拌饭少熬夜,广东,可︋能︋你︋早︋就︋变︋了︋ 是︋我︋记︋忆︋中︋的︋你︋太︋好︋了︋.,1,2024-11-18 12:37:21,0.14291811619449035
眼泪拌饭少熬夜,广东,没有规定一朵花必须要长成向日葵或玫瑰.,0,2024-11-18 12:36:39,0.8147074963775597
眼泪拌饭少熬夜,广东,往事清零  重新开始.,0,2024-11-18 12:35:26,0.9692921748712061
沈璐清,广西,我很清醒 但我放不下,0,2024-11-18 12:03:26,0.871955905518118
思念躲进回忆里,河南,喂 屏幕前的 要天天开心,1,2024-11-18 02:17:01,0.9027208388125739
柒club,山西,我笨笨的，怕读不懂你的隐意，我有些词不达意，但我真的没有不用心；你总是觉得自己不够好，不够漂亮，可在我看来你已经很美了，我的性格很内向自卑，我平时的话少少的，我只是不知道该去怎么表达，我希望你可以天天开心，好好爱自己,2,2024-11-18 01:18:04,0.9999786454614574
风居住过的街l,浙江,爱意东升西落 浪漫至死不渝,0,2024-11-17 22:48:31,0.9945039744628705
淡淡然玲儿,河北,幸福,0,2024-11-17 22:35:57,0.9162790697674418
kiss丶寒曦,北京,那是你已经爱上她了[多多大哭],0,2024-11-17 20:25:44,0.9324054771104568
Dancer终生,广东,所以有时候想开点吧[多多难过],0,2024-11-17 18:42:40,0.7228667578912823
啵啵蔡文姬,江苏,现在就是他在我朋友那边打听我近况 但是我无感了 只会觉得我是备胎 迟来的爱比草贱 我为他撕心裂肺彻夜不眠等他消息他不在  我是十分的恋爱脑 但是我从来不会吃回头草,0,2024-11-17 18:06:51,0.9999332138446979
啵啵蔡文姬,江苏,你比我强 如果我是你 只要他没说分手 我会一直爱着 直到攒够失望我就会自己离开 离开了就不会再喜欢了,0,2024-11-17 18:04:00,0.3482115511187902
Mylittledarli,浙江,你说的这些我都懂 但是还是忍不住想哭,0,2024-11-17 17:42:10,0.6905118252019705
蓝心疼凋,广东,抱抱，一切都会好的[可爱],0,2024-11-17 17:28:30,0.9603892946065767
沈璐清,广西,人总是用片刻幸福原谅所有伤害,0,2024-11-17 17:13:34,0.8834048035118872
阿刃不是点刀哥,江西,你知道吗，她分手甚至连那两个字都没说就把我的所有联系方式删了，我真的不知道，我究竟是怎么挺过来的，也终于让我知道了，原来对于自己没有价值的人，是连分手都不用说就可以分的,0,2024-11-17 17:03:22,0.8297452397576842
啵啵蔡文姬,江苏,可是我还会傻傻的开小号关注他 直到看到他玩辅助（他把号给他女朋友了）我就失望离开了,1,2024-11-17 16:16:31,0.8496073588644295
阿刃不是点刀哥,江西,我为了她下载原神，刚开始我甚至连蒙德城在哪都不知道，一路乱跑，都跑到璃月去了，之后我又用了两年时间了解原神，没有任何大佬带我，一点一点的知道什么是探索度，什么是深渊，什么角色到底要刷什么副本，圣遗物到什么程度才算是刷好了，在她走后，我也不想玩这游戏了，账号是开服的，五年玩了三年,0,2024-11-17 16:08:27,0.9752468581504165
-毛毛ovo,江苏,如果最后能在一起 晚一点真的没关系.不强求任何一段关系 即使很在意.很爱你 昨天爱 今天爱 明天爱 以后会更爱.临近的冬天 结束的我们.选择你的那一刻起 我从未想过离开你.都说失去以后才懂得珍惜 其实珍惜后的失去最痛.人真奇怪 总拿片刻感动原谅所有伤害.,1,2024-11-17 14:51:00,0.9999945032237376
7_也是_妻,河南,喜欢妈妈说的一句话：不想谈男生就谈个女生，不强迫你,0,2024-11-17 13:23:50,0.6178309454317557
冷冰冰的诺言_ApQN,江苏,曾经的我们也被人羡慕,1,2024-11-17 12:33:49,0.9855271345571684
难祈福-,河北,又是一年冬 新冬能否胜旧冬.,0,2024-11-17 12:07:28,0.9868929073115008
难祈福-,河北,和好如初太难幸福这条路我选择独行.,0,2024-11-17 12:05:16,0.977406671185351
怜涧多少,河北,沉默已是答案 何必再去自找难堪后来呢 如众愿 却非我所愿在这场雨里站了太久 久到无法释怀这个世界充满假象 唯有痛苦从不说谎亲爱的 打败悲观通往幸福灰凉的不止以后 澄澈的仅存过往有些话我听了会高兴 但我永远不相信我试着销声匿迹 原来我真的无人问津,1,2024-11-17 11:38:28,0.9999994557256855
怜涧多少,河北,人性最为浅薄的一点就是一错抵百好.成长大概都是在挫折中来得更加强烈.对不起我总是像小孩一样向你索取爱和陪伴.待我翻过这片山过往的一切我闭口不谈.你说你是破碎的但世界上有会拼图的人.幸福都是一时的怎么会有永久.生活跟我翻脸睡一觉我对生活说早上好.一万次忠告不如自己摔一跤痛快.,0,2024-11-17 11:38:17,0.9999999999379485
怜涧多少,河北,生活要是有投降键我早按烂了.如果不是还没等到她那我早死了.不要拿过去的记忆折磨现在的自己.我从不看重千万金我要你永远爱我如初.有些东西只有用失去才能证明它的珍贵.我裹了裹去年的旧外套像是去年的拥抱.爱就是一个人的眼睛里有两个人的眼泪.爱是天时地利的迷信是搜不完的星座信息.,0,2024-11-17 11:38:06,0.9727182578315828
怜涧多少,河北,难养的花 也会遇到最好的花匠.幸福容易致幻痛苦才最清晰.一路磕磕绊绊 轻描淡写已经成为习惯.终于明白有些关系除了再见别无选择.我并不希望我的爱是凌晨流不完的眼泪.后来我才明白不是所有喜欢都会有结果.要什么答案  她/他的沉默就是答案.有缘无份的人很多其中也有我们.,0,2024-11-17 11:37:57,0.9999997649056191
怜涧多少,河北,人生第一课 你没有那么多观众人生第二课 你不是谁的最好朋友人生第三课 不和没必要的人生气人生第四课 健康最重要人生第五课 接受自己的平庸人生第六课 做你自己人生第七课 爱人先爱己人生第八课 勇敢的人先享受世界人生第九课 学会拒绝人生最重要的一课 你永远是最好的自己,0,2024-11-17 11:37:48,0.9999999999876497
悸鹿妍_,安徽,有幸相遇 愿这段路一路放晴,1,2024-11-17 09:55:05,0.9754545925909842
冷冰冰的诺言_ApQN,江苏,冷知识：要谈就谈文案圈,0,2024-11-17 09:39:08,0.6977264904426789
小文大王TnT,安徽,喜欢听,0,2024-11-17 09:26:27,0.7510003166789154
想妳_ThQo,河南,重新认识一下 想妳^  顶峰相见.,1,2024-11-17 08:53:50,0.676535817784321
_愿早睡,山东,相遇总有意义不是恩赐就是教训,1,2024-11-16 23:34:38,0.8662245727401215
局外人_FHTH,山东,慢慢,1,2024-11-16 22:21:46,0.8300653594771242
局外人_FHTH,山东,羡慕,0,2024-11-16 22:21:03,0.9827586206896551
音乐rudj,云南,[多多可怜],0,2024-11-16 21:47:05,0.6071175431881888
Adam爱吃饭,浙江,理解别人远比审判别人更为快乐,1,2024-11-16 20:52:13,0.9973962713631305
小漫雾神,湖南,明明什么关系都没有，却在想着以后。,0,2024-11-16 19:04:59,0.32881749461617593
徐家成成,广东,我也想要这样，可是他让我很绝望啊！,0,2024-11-16 16:24:27,0.7327424903365943
明如月清如水,广东,每个人都是独一无二的,1,2024-11-16 16:19:19,0.7675766497354777
__idl,浙江,越爱越深 分手也越痛,0,2024-11-16 16:13:38,0.9952038981491861
ID凌娢,江苏,找夫妇粉丝1000以上可以换头像高兴会给米每一条消息都会认真回复Top.1是你会给你安全感最爱你不要是体验卡真心换真心,0,2024-11-16 15:50:55,0.3126891725842176
ID凌娢,江苏,找夫妇粉丝1000以上要真心可以换头像心情好会给米（看上米的别来）每一条信息都会认真回复Top .1是你真心换真心,1,2024-11-16 15:46:52,0.6223654966660731
快手看权威,山东,99,0,2024-11-16 15:34:33,0.4545454545454545
名为Y的冬,江苏,下了 自己玩上瘾了,0,2024-11-16 15:26:33,0.8337288275384327
小漫雾神,湖南,人人都想要真诚但人人都不够真诚.,0,2024-11-16 14:40:45,0.6667654762681146
1-浔惗-,四川,很喜欢你 但我们不要相爱.闯南返北 我一个人.如果幸福是右耳 那我是左耳.你说行就一起走 不行我就自己走.我为了你不要面子你为了面子不要我.我等的 一定是一个真诚有耐心还疼我的人.暧昧就像超市的试吃 能给你的也能给别人.,0,2024-11-16 14:17:28,0.9999675879043238
1-浔惗-,四川,暧昧就像超市的试吃 能给你的也能给别人.我等的 一定是一个真诚有耐心还疼我的人.我为了你不要面子你为了面子不要我.你说行就一起走 不行我就自己走.如果幸福是右耳 那我是左耳.闯南返北 我一个人.很喜欢你 但我们不要相爱.,0,2024-11-16 14:16:02,0.9999675879043238
1-浔惗-,四川,都是手机不离身的人 不回消息也是一种答案.生活真有趣 每天的暴击和伤害都数倍增加.你大胆做自己 错了我也抱紧你.不分开的秘诀是真诚相待.你走之后就再也没有人给我撑腰了.幸福 迟早的事 .如果开心是本领的话 我希望你会是最棒的那个.,0,2024-11-16 14:14:28,0.9996127567857112
1-浔惗-,四川,你那天说的话好难听 我不愿相信你是当初那个怜惜我的男孩.你总是向往别人的天空 却忘记自己才是明媚春天.人是不会愧疚的 遇见更好的谁还会记得你.情窦初开那一年 执着了你一年又一年.沉默已经是答案了 何必再自找难堪.是我不好吗 你总怀念她.有爱才能共鸣 你不爱我 有些话我没法讲.,0,2024-11-16 14:12:50,0.9999999929799916
1-浔惗-,四川,如果无法共鸣 那么我选择独行时间带走了你 我却被回忆拦下.那天 其是我比你更早知道我们不适合 但是我更舍不得你.我一个人也走了很远的路 早就不需要什么虚伪的陪伴了.人与人之间总是这样 在不经意的时候拥有 又在不舍得时候失去.好奇怪 我越敷衍就越会有人来爱我 我越用心他们就好像是抓住,0,2024-11-16 14:11:46,0.9999923125219669
C-c灿,河南,慢慢来的都是诚意 好戏都在烟火里,1,2024-11-16 13:32:18,0.9229012198664804
_初兒,四川,冷知识：最爱的一任才叫初恋与出场顺序无关,0,2024-11-16 13:23:28,0.945209433698077
花火jvt,浙江,是呀 我不该再对他念念不忘了 他不值得我这样,0,2024-11-16 13:19:30,0.9595765814847579
一t玖玖,安徽,难养的花 也会遇到最好的花匠.幸福容易致幻痛苦才最清晰.一路磕磕绊绊 轻描淡写已经成为习惯.终于明白有些关系除了再见别无选择.我并不希望我的爱是凌晨流不完的眼泪.后来我才明白不是所有喜欢都会有结果.要什么答案  她/他的沉默就是答案.有缘无份的人很多其中也有我们.,0,2024-11-16 13:06:27,0.9999997649056191
肉肉宝宝u,北京,天越来越冷了[流泪],2,2024-11-16 13:04:04,0.5516750087433057
肉肉宝宝u,北京,接下来就是下雪  寒假  跨年  烟花,13,2024-11-16 13:03:40,0.1677566859878863
肉肉宝宝u,北京,[流泪],2,2024-11-16 13:03:10,0.8
肉肉宝宝u,北京,我好想你 能不能回来看看我[流泪][流泪][流泪],3,2024-11-16 13:03:05,0.9394452870503414
肉肉宝宝u,北京,别忘了我。,2,2024-11-16 13:02:50,0.5496688741721852
坏微余,广东,我们不要喜欢他了，好不好,0,2024-11-16 12:48:44,0.655832266212616
echo_moio,北京,不愿意了[哀伤]我宁愿永远单身,0,2024-11-16 11:41:22,0.9136761786000728
X-夏希桐,河南,生活要是有投降键我早按烂了.如果不是还没等到她那我早死了.不要拿过去的记忆折磨现在的自己.我从不看重千万金我要你永远爱我如初.有些东西只有用失去才能证明它的珍贵.我裹了裹去年的旧外套像是去年的拥抱.爱就是一个人的眼睛里有两个人的眼泪.爱是天时地利的迷信是搜不完的星座信息.,0,2024-11-16 11:24:39,0.9727182578315828
X-夏希桐,河南,人性最为浅薄的一点就是一错抵百好.成长大概都是在挫折中来得更加强烈.对不起我总是像小孩一样向你索取爱和陪伴.待我翻过这片山过往的一切我闭口不谈.你说你是破碎的但世界上有会拼图的人.幸福都是一时的怎么会有永久.生活跟我翻脸睡一觉我对生活说早上好.一万次忠告不如自己摔一跤痛快.,0,2024-11-16 11:23:08,0.9999999999379485
X-夏希桐,河南,有泪自己擦没有那么多小孩子角色卡.从那天开始我们就再也回不去了.你带来的痛苦像是一场不停的阴雨天.幸福都是短暂的还好我早就习惯了.这世界充满悲伤幸福到底在哪个角落.如果泪水比爱多那我们走到这里就行了.玩抽象只是掩盖我那阴晴不定的情绪.到底要经历多少苦难才能到达幸福的彼岸.,0,2024-11-16 11:21:33,0.9999999999842697
X-夏希桐,河南,所有的轻描淡写都是我一夜一夜熬过来的.可时间一直在走我也留不住你.你的旧伤口总会找到新的创可贴.人生有太多个雨季要学会自己撑伞.我想要好多好多爱  可是好多好多唉.我耗尽所有真心最后也只感动了自己.我习惯一个人可一个人生活不叫勇敢.我想要的不过是哭泣时能承载我的肩膀.,0,2024-11-16 11:20:19,0.9999999735338432
失y眠夜,江西,凭感觉喜欢上的 忘不掉.,1,2024-11-16 10:57:29,0.3846974392401764
失y眠夜,江西,适合立冬那天封神的官宣文案 比如：,0,2024-11-16 10:57:07,0.9861988999671467
失y眠夜,江西,我幸不幸福不重要.重要的是你幸福就好.,0,2024-11-16 10:56:35,0.9976982636782306
失y眠夜,江西,今日话题：以爱之名你还愿意吗,1,2024-11-16 10:56:23,0.9651500370104564
失y眠夜,江西,心软的时候不妨回头看看自己受的委屈,1,2024-11-16 10:56:18,0.9209923285639924
失y眠夜,江西,接下来就是下雪  寒假  跨年  烟花.,1,2024-11-16 10:56:10,0.1677566859878863
灕锦,湖北,讨厌冷漠感和新鲜感 也讨厌你的绝情可以返场吗 曾经的我们有些话我听了会高兴 但我永远不相信在意我的话 就在意我的话生活就像小猫拔牙 痛却无法自拔耐心耗完了 失望攒够了 该离开了想放弃却又舍不得 想继续却又没意义还记得吗 你说你一直都在 你食言了,1,2024-11-15 23:48:56,0.9996450503154486
灕锦,湖北,沉默已是答案 何必再去自找难堪后来呢 如众愿 却非我所愿在这场雨里站了太久 久到无法释怀这个世界充满假象 唯有痛苦从不说谎亲爱的 打败悲观通往幸福灰凉的不止以后 澄澈的仅存过往有些话我听了会高兴 但我永远不相信我试着销声匿迹 原来我真的无人问津,0,2024-11-15 23:47:07,0.9999994557256855
灕锦,湖北,似乎都有苦衷 于是我先逃跑我教你写信 你写给我 也写给她我的灵魂厌倦了我的生命你别皱眉 我知进退爱是生活的礼物 不是救命的稻草你就像天外来物一样 求之不得始终相信世界最稳固的关系是各取所需我的性格太古怪了 你还是抛弃我好了,0,2024-11-15 23:39:16,0.9999996527832564
发现他根本不爱我,四川,爱的越久分开就越痛吧[皱眉],1,2024-11-15 22:37:27,0.7876850942158675
7魚yubb,福建,你不该对短暂出现的人执念太深 思念的代价是自己痛苦,0,2024-11-15 22:14:26,0.9883952144049755
_初兒,四川,今日话题：以爱之名你还愿意吗,0,2024-11-15 21:34:42,0.9651500370104564
陪小希喝酒,海南,我好想你   你答应我的    回来好不好啊,0,2024-11-15 19:44:39,0.1557323924589724
-撑伞,湖北,因为不漂亮所以幸福轮不到我 .,0,2024-11-15 19:37:59,0.9707457851477004
-记住小菜-,江西,我们的故事由你画上了句号,0,2024-11-15 19:23:41,0.7749245540370527
小鱼爱你y,福建,人生第一课 爱人先爱己,0,2024-11-15 17:32:13,0.8881000292519721
觅魂于森,浙江,我们永远相信她可以做得更好[多多大笑],0,2024-11-15 15:51:55,0.9747705773500234
哇奥奥奥奥,北京,“再见”是重逢的另一种方式,0,2024-11-15 13:52:54,0.9019798354459824
一叶知秋yo_,河北,日推来的举个手,0,2024-11-15 06:58:24,0.109915021336912
_祁意,江西,今天星期几好像天气阴,0,2024-11-14 22:44:12,0.1535735502004405
我是死柱的狗,四川,木叶飞舞之处，火亦生生不息,0,2024-11-14 22:41:18,0.85880387329824
_初兒,四川,旧歌都杀回来了 那旧人还能重逢吗,1,2024-11-14 21:47:08,0.5134727182050713
久伴不离zve,浙江,雪落在每个人身上都是不一样的感受和体验[多多可怜],0,2024-11-14 17:59:39,0.9969765678261564
大雨夜里百鬼夜行,河北,不配得感,0,2024-11-14 14:13:00,0.5207178833264592
想起一个月亮,河北,耳机里的歌声是与世隔绝的温柔,1,2024-11-14 13:51:11,0.8397570164152226
slim__nono,福建,好无聊 有没有人私信我聊聊天,1,2024-11-14 12:06:48,0.15153180679610145
m许筱祎,河北,“你们都说她矮，可是她站得一次比一次高”,1,2024-11-14 07:11:50,0.4053496001363246
故z1111,广东,再或许这次可能真的就是再见了,2,2024-11-14 03:35:47,0.566403343421843
许你自由--愿你无忧,广东,幸福,1,2024-11-13 23:35:56,0.9162790697674418
难懂广西情爱,广西,祝你幸福,2,2024-11-13 23:21:28,0.9839510309814015
Re-Jyo,辽宁,爸，我讨厌你的教育方式和封建思想，但是我也心疼你在外面累死累活的模样,2,2024-11-13 21:28:13,0.9456891819103224
----失约,陕西,这世界本就是各人下雪各有各的隐晦与皎洁,1,2024-11-13 19:51:48,0.9955068417815142
无线我的,北京,你等的那个人不会来 因为你值得更好的,0,2024-11-13 16:07:18,0.8462631274659359
赤焰无痕,北京,所以我不信爱情了，但我仍会期待,0,2024-11-13 14:46:28,0.8278392415178769
雨落-风尘,浙江,他走了 我也累了 我们都该放下了[多多大哭],0,2024-11-13 14:26:02,0.9631623304747904
你是猪吗卍,北京,因为不想欠别人的情分[心碎],0,2024-11-13 13:57:40,0.6863556184585621
旭j-w,黑龙江,珍惜才配拥有,0,2024-11-13 12:58:26,0.968478424410685
例外_Xuir,江苏,我不敢爱我怕谈到一半他的挚爱突然杀回来,0,2024-11-13 06:56:56,0.2047655712255143
_不想吹头发,广西,😁嘿嘿,0,2024-11-13 02:17:51,0.619643691979598
appppppleee,河北,你怎么这么会说话（盯……）,0,2024-11-13 01:13:47,0.3496669255920156
雨淋湿了天K-,湖北,想抛开一切 拥抱你,0,2024-11-13 00:30:55,0.9626924123858613
素依唯安,广东,可是真正深情的男生也会被伤,0,2024-11-12 21:47:50,0.924405544596693
KS阿眠睡不着,陕西,我说一瓶青梅绿茶能买我开心.你情绪不好的时候首先想到的就是放弃我.总会突然想哭觉得最近过得好累.我说过了你很重要你不珍惜我照样丢掉.无法否定幸福的瞬间但那确实不是爱.你说爱我是欺骗是怜悯还是真的心疼我不被理解的人委屈从来都不知道跟谁说不喜欢短暂的新鲜感想要永久的陪伴,0,2024-11-12 21:31:37,0.9999999493779305
KS阿眠睡不着,陕西,你放狠话的那一刻真的想过我吗.当初让我脸红的人 最终也让我红眼.想你像是隔着一层磨砂玻璃看雨.烂性格我改不掉 失去就失去吧.你走之后 谁来都少了那份感觉.片刻的晴天 我不在想要.舍不得你跟别人好 但是我没有资格.我多变的情绪你不懂.,0,2024-11-12 21:30:02,0.8677358923506082
KS阿眠睡不着,陕西,重来一次 从你叫什么名字开始你说我喜欢自由我说早就走不掉了.以为遇见对的人了原来你也反感我遇见是故事的开始也是离别的倒计时.那夜不愿对你倾诉我走了最黑的路.模糊的像素是永远回不去的曾经.有缘无缘皆是造化再见双眼别眨泪花一个小小的刀片解决了我数不清的烦恼.原来爱是痛的是流不完的眼,0,2024-11-12 21:29:27,0.9999869776671481
----失约,陕西,在画饼这个词没出来的时候 它叫承诺.,0,2024-11-12 20:22:56,0.24403373498498537
情还不如无情,北京,[流泪][流泪]姐姐真的好美啊，真的真的真的！,0,2024-11-12 20:16:37,0.9989671895084086
黄昏街灯,广东,那是你还没遇到真正爱你的人,0,2024-11-12 20:08:51,0.6805450925132287
纵使迎来三度夕阳,北京,希望下次见时我不再是小哭包[多多大哭],0,2024-11-12 19:29:23,0.9787882359081457
lD-临沧,广东,你放狠话的那一刻真的想过我吗.当初让我脸红的人 最终也让我红眼.想你像是隔着一层磨砂玻璃看雨.烂性格我改不掉 失去就失去吧.你走之后 谁来都少了那份感觉.片刻的晴天 我不在想要.舍不得你跟别人好 但是我没有资格.我多变的情绪你不懂.,0,2024-11-12 19:11:30,0.8677358923506082
lD-临沧,广东,讨厌冷漠感和新鲜感也讨厌你的绝情.可以返场吗 曾经的我们.讨厌冷漠感和新鲜感也讨厌你的绝情.在意我的话 就在意我的话.生活就像小猫拔牙 痛却无法自拔.耐心耗完了 失望攒够了 该离开了.想放弃却又舍不得 想继续却又没意义.还记得吗 你说你一直都在 你食言了.,0,2024-11-12 19:09:49,0.9999235131855327
lD-临沧,广东,不能坚定的选择我 就不要靠近我.你说少联系 从此我们再无音序.难过的不是离别 而是冰冷的回忆.再好也是从前 再爱也是刚开始.我就当你的离开 是一场永久的冷战.我试图冷落你 却发现痛的只有我自己.缘分总是那么短暂 思念总是那么漫长.遇见新人 别诋毁我 我没对不起你.,0,2024-11-12 19:08:09,0.999999200157752
lD-临沧,广东,一把破伞而已不撑就是了.早点睡没人在凌晨想你.你一言不发这雨便越下越大.你欠我一个解释哪怕是轻描淡写.上头时记住我们是爱人不是敌人.可惜意中人已有心上人.无所谓的我早就哭过了.求你远离我情绪.,0,2024-11-12 19:06:15,0.9888938833310705
lD-临沧,广东,老说对不起干嘛对得起很难吗.无所谓我也可以敷衍.明天忘记你明天的明天.幸福遥不可及.骗我的话下次可不可以少说.文字有限痛苦难共.或许糟糕的只有我了.无尽的眼泪我也心疼我自己.,0,2024-11-12 19:05:17,0.11477505261242615
lD-临沧,广东,你撒谎的样子好假可我不想揭穿.我张开了手只有风抱住了我.其实什么都明白就是走不出来.看到你和她互动还是会忍不住心痛.我不想没有你.我多变的情绪你不懂.难走就独行.你说永远在一起最后又说对不起.,0,2024-11-12 19:04:02,0.9989322061041163
lD-临沧,广东,连友谊的醋你都吃 你是有多没有安全感.这一路走来怎么没人心疼我.为什么我还是一个人.也许当时很多都是错的 可我们总有一段日子是相爱的.你说我爱哭但我只为你掉眼泪.我 确实不是一个很好的人.我能不能突然死亡.心软的时候不妨回头看看自己受的委屈.,0,2024-11-12 19:00:07,0.9999938309037721
07小石,江苏,得到一点特殊对待就以为是爱,5,2024-11-12 17:22:30,0.7738953706257402
爱意藏于旋律,福建,99,0,2024-11-12 12:36:21,0.4545454545454545
悲伤-Z,河南,我不是没等你 而是你没选择我,1,2024-11-12 10:03:28,0.16988506502648493
悲伤-Z,河南,我不是没等你 而是你没选择我,0,2024-11-12 10:02:17,0.16988506502648493
大雨夜里百鬼夜行,河北,原来缺爱的那个人  在收到礼物的时候   不是感到惊喜   而是盘算着怎么报答,1,2024-11-12 01:37:32,0.8101212565026599
_初兒,四川,两个互相暗恋的人   猜对方暗恋谁,0,2024-11-11 22:03:55,0.8374176903968207
----失约,陕西,我记得舔狗这个词没出现前 它叫深情,0,2024-11-11 20:03:36,0.8609629480909496
m许筱祎,河北,“你们都说她矮，可是她站得一次比一次高”,1,2024-11-11 18:28:01,0.4053496001363246
-撑伞,湖北,新鲜感我最讨厌了.,0,2024-11-11 18:27:45,0.5291659031061805
-撑伞,湖北,说喜欢我 也是你的谎言之一吗.,0,2024-11-11 18:26:23,0.8579706113271671
妖莲白华,广东,你说的太对了！我就是这样的[流泪],0,2024-11-11 17:10:26,0.24618865573596727
我叫LG,北京,他真的幸福了 我该放下,0,2024-11-11 16:59:23,0.9397144464444095
十七夜nkx,广东,头发不会掉光光的[鬼脸],0,2024-11-11 16:58:14,0.2433795112229089
Promise白寂,广东,可是为什么我们明明相爱却还要分开呢？,0,2024-11-11 16:04:08,0.2841466407651865
谦dsv,浙江,那就把题重做一遍吧,0,2024-11-11 14:27:03,0.6408873440601568
WorldEliteChang,浙江,不是双向奔赴的感情就是笑话,0,2024-11-11 14:15:04,0.2823890908920039
老歪脖子树下的皓皓,北京,慢慢来是诚意 也是深情,0,2024-11-11 14:06:29,0.9373583014941641
夜刀神奕洋,北京,你离开以后 我学会了少说话,0,2024-11-11 12:46:53,0.6907329028665566
绫人的宝贝昂,广西,不知道为什么听出一种悲伤感[多多难过],2,2024-11-11 12:25:58,0.9991617901369182
困住我的总是回忆,四川,你也是,0,2024-11-11 07:50:07,0.5262327818078083
来自西伯利亚的蝎子,广东,承诺只有听的人才记得[流泪],1,2024-11-11 01:59:50,0.9045389026274164
镜子妖怪阿饼,北京,也许只是自己不愿遗忘罢了,1,2024-11-11 01:26:33,0.9459581298815586
fever星辰,北京,希望你每天都开心[多多大笑],1,2024-11-11 00:22:00,0.9471406445001826
五月中旬照仍衍,安徽,祝你逃出苦难向春山，春山之后再无难,1,2024-11-11 00:18:22,0.9212606300978817
原青vfw,北京,会遇见那个满眼都是你的人的！,0,2024-11-11 00:11:49,0.9228710717864774
符华山吹o,北京,可是我好难过啊[多多大哭],0,2024-11-10 23:54:52,0.9622593359629852
絕朢地狱的魔王千矢,浙江,抱抱~都会好起来的！加油呀！,0,2024-11-10 23:53:39,0.9623261145546247
不是单身汪,浙江,他只知道我叫什么名,0,2024-11-10 22:43:14,0.3707870573937855
大伟xta,浙江,说反话的时候 心里也在流泪,0,2024-11-10 22:27:33,0.6749520308574369
-撑伞,湖北,凭感觉喜欢上的 忘不掉.,2,2024-11-10 21:24:22,0.3846974392401764
小寒不想再哭了,湖南,我幸不幸福不重要.重要的是你幸福就好.,0,2024-11-10 19:20:07,0.9976982636782306
i_Godles,湖南,我早已习惯关于你的一切 有你，便是晴天,0,2024-11-10 18:58:22,0.48224208200126983
i_Godles,湖南,走错片场了（[狗]）,0,2024-11-10 18:57:51,0.7468006616293043
lD-临沧,广东,我真心付出 你却诋毁我你并没有食言 分开也是一种永远.在最爱你的那一年 谁都比不过你.你说你不会哄人 我便咽下所有委屈.你根本不懂永远的重量 你乱说.你知道吗因为有你我很开心.永远嘴硬永远转身后泪流.那些痛早就不在意了.,0,2024-11-10 18:02:20,0.7202885369797931
lD-临沧,广东,你说永远在一起最后又说对不起.原来承诺也可以是一时兴起.一见钟情的结局就是遗憾.倒数日没删你我还没忘.最近太累了时常想哭.心突然拔凉拔凉的.一定要拥有吗或许失去更轻松呢.金风玉露一相逢便胜却人间无数.,0,2024-11-10 18:00:26,0.9843586447593478
lD-临沧,广东,倾听者也需要倾听者.总会突然想哭觉得最近过得好累.你什么都在乎 可惜她不在乎你.不是说念念不忘必有回响吗.说真的我好想你呀.想睡一场很久很久的觉.痛苦该我承担.尽管情绪再不好我也没想过放弃你.,0,2024-11-10 17:58:48,0.9999474385212553
祝余-ll,山东,好,1,2024-11-10 17:57:03,0.6558628208940429
lD-临沧,广东,后来熬夜已成了瘾终于习惯没人.如你所愿 我们散场.后来熬夜已成了瘾终于习惯没人关心.把我忘记没事但别忘了我陪你的日子.他说走就走的态度是我永远学不会的.暗自消化各种情绪也成了生活常态回头看我再也没有活下去的勇气.如果我会读心术我一定懂你.,0,2024-11-10 17:56:54,0.9999950328811612
lD-临沧,广东,清醒的恋爱脑没有原则的明恋者.暗恋是成功的哑剧说出来就成了悲剧.逼问直到答案刺痛我为止.好傻越是对方回避的问题我就越是要问.很遗憾吧那么喜欢连张合照都没有.我的喜欢很明显你的不喜欢也是.暗恋一个人代价是看着他爱别人.梦很短 但我们相见了.,0,2024-11-10 17:55:38,0.9999993746145596
lD-临沧,广东,还以为你很特别 原来是我知道的少.缘分本就稀薄 你我相逢已是万幸.后来我不再提及 只有我记得过去.遇到我这样的人 难为你了.歌没听腻 你 我还喜欢.生活不止诗和远方 还有你.讨厌你 总是说伤害我的话.眼泪这笔债 你欠我太多.,0,2024-11-10 17:54:46,0.9999939578857996
简松yxh,安徽,祝幸福,0,2024-11-10 17:30:28,0.9839510309814015
冷雨CS虾,云南,清醒的恋爱脑没有原则的明恋者暗恋是成功的哑剧说出来就成了悲剧逼问直到答案刺痛我为止好傻越是对方回避的问题我就越是要问很遗憾吧那么喜欢连张合照都没有我的喜欢很明显你的不喜欢也是暗恋一个人代价是看着他爱别人,1,2024-11-10 16:45:32,0.9999954801437172
_不想吹头发,广西,期中考 月考 期末考 寒假作业.[呲牙],0,2024-11-10 16:44:15,0.996514717603684
----失约,陕西,接下来就是下雪  寒假  跨年  烟花.,6,2024-11-10 16:32:15,0.1677566859878863
1-浔惗-,四川,连友谊的醋你都吃 你是有多缺爱.这一路走来怎么没人心疼我.为什么我还是一个人.也许当时很多都是错的 可我们总有一段日子是相爱的.你说我爱哭但我只为你掉眼泪.我 确实不是一个很好的人.我能不能突然死亡.,1,2024-11-10 15:25:30,0.9999572777906695
1-浔惗-,四川,我真心付出 你却诋毁我你并没有食言 分开也是一种永远.在最爱你的那一年 谁都比不过你.我本身就是一个很糟糕的人 你不喜欢我很正常.我以为终于遇到了爱 没想到是唉.你说你不会哄人 我便咽下所有委屈.你根本不懂永远的重量 你乱说.,2,2024-11-10 15:24:25,0.9570726733413198
1-浔惗-,四川,若懂无需千言万语无缘再真诚也没用.这个世上什么东西是永久的.其实我有时候也会觉得是我在耽误你.爱很简单 但爱也很廉价.你漂亮的眼睛 要留幸福的泪水我刻意躲开幸福 但痛苦并没有消失.我反复回忆曾经的画面 但我忘了人总会变,0,2024-11-10 15:23:21,0.9999999984718619
1-浔惗-,四川,不明白短暂的回忆为什么这么痛.谁会真正的去懂我再说了我也不懂得我自己.我以为真爱降临  原来是痛的开始做朋友更长久可我想牵起你的手.你转头爱她的那一刻 我痛到窒息黑暗的世界 我只有音乐陪伴.从未对你虚情假意 只想好好珍惜你,0,2024-11-10 15:22:23,0.9999999934171211
aw会幸福,四川,她把其他男生牵到我面前了,2,2024-11-10 15:04:22,0.716972540136037
lD最终,湖北,我才十几岁 付出的感情能给我未成年退款吗.,1,2024-11-10 12:43:00,0.9188533960830828
lD最终,湖北,爱人如养花   可我是一朵很难养的花.若你能读懂我的心   那我千字文章只写你.如果春天有绝笔那一定是我们共淋的那场雨.海的尽头不是海   是藏在心底的遗憾.,0,2024-11-10 12:42:37,0.9999999807418386
lD最终,湖北,泪水打湿双眼   循环我们的曾经.关系已解除你   我彻底翻篇.知道你不回头   愿你无忧.泪水模糊了视线   又想起了曾经的誓言.本以为能被爱了   结果又被上了一课.我可以原谅你很多次  但信任只有一次.所有的承诺最后都变成了一句对不起.有点脾气怎么了   哪朵玫瑰不带刺.,0,2024-11-10 12:42:14,0.7105155118797035
1-好,贵州,止不住泪的那一刻我无能为力了.,0,2024-11-10 12:18:41,0.4763329688696283
1-好,贵州,时间是拦不住的 .有些话记得早点说,0,2024-11-10 12:18:17,0.0660068145153977
1-好,贵州,我比不上她 毕竟你们先认识的.,0,2024-11-10 12:17:32,0.5817025085487906
爱吃香菜_DwEn,福建,好,1,2024-11-10 11:25:08,0.6558628208940429
-是遗憾吧,浙江,写错答案就不想在提笔。,1,2024-11-10 03:30:39,0.6704601724835612
喜欢香菜3-12,浙江,倘若真的有结果 我真的等他三五年又何妨,0,2024-11-10 01:10:10,0.8100527241788721
巷口几号街,广东,得到的不珍惜 失去了之后才懂得珍惜,0,2024-11-10 01:01:46,0.9772687896074511
吱吱作响_zc,江苏,慢慢的喜欢也许更长久吧,0,2024-11-10 00:50:45,0.9762053322408378
吱吱作响_zc,江苏,慢慢的喜欢也许更长久吧,0,2024-11-10 00:50:44,0.9762053322408378
2ENGx,广东,分手了.,0,2024-11-10 00:33:57,0.7142857142857141
-小蠢-,广西,抑郁了总是睡眠不好医生说建议睡在八块腹肌上幸福多少钱  超过四块的话我买蜜雪冰城了纯爱已经满足不了朕了 纯金可以我叫夯大力 我以为十一月能对我好点 要不是被十一月扇了一巴掌 我差点就信了,1,2024-11-10 00:26:48,0.06693030498206598
-小蠢-,广西,秋风知我意  大风吹来三个亿很内向 醒了不敢出被窝我要把裤子剪碎做一个残裤的人.当幸福来敲门 我去上学了家里没人,0,2024-11-10 00:25:34,0.9758362913735249
-小蠢-,广西,天天张口闭口就是陪胖猫 胖猫他理过你吗我问他怎么不回我消息  他说感冒了怕传染给我  真的好贴心生活给我右脸一嘴巴 我笑着伸左脸说再来一下我是恋爱脑 会爱上莫名其妙给我转钱的人,0,2024-11-10 00:24:31,0.3674483847410187
-小蠢-,广西,好朋友都脱单了我比较厉害我脱发.答案可以抄你也可以吗.誓言算什么算我倒霉.走不进你心里我可以跳进去吗.,0,2024-11-10 00:23:18,0.02929319591121904
朱Juit,安徽,那你呢除了我的名字 还了解我多少.,0,2024-11-09 20:01:01,0.5502136826629693
慧霖526,广西,没有什么是永远的 拥有过就好了.及时止损 即使我舍不得.释怀里藏着无数的思念.或许失去会更轻松呢.生性自由 像海一样.各自撑伞 各自行.,0,2024-11-09 19:24:33,0.9999999665700947
LYT伊,河南,清醒的恋爱脑没有原则的明恋者暗恋是成功的哑剧说出来就成了悲剧逼问直到答案刺痛我为止好傻越是对方回避的问题我就越是要问很遗憾吧那么喜欢连张合照都没有我的喜欢很明显你的不喜欢也是暗恋一个人代价是看着他爱别人,3,2024-11-09 19:11:37,0.9999954801437172
Lier神田空太,广东,爱能克服远距离多远的距离，都不算远,0,2024-11-09 17:24:06,0.8141355265106085
听雨LXY-,广东,我们没有食言分开也是一种永远.,2,2024-11-09 17:14:19,0.6687004992281114
Adam爱吃饭,浙江,得到的都珍惜，失去的都忘记,0,2024-11-09 17:12:08,0.9533018897080607
Rin重度依赖-,吉林,她是我的朋友 我和你玩在了一起 你和她玩在了一起谁是外人？,0,2024-11-09 15:16:27,0.8758083807196844
黑白先生ptf,北京,失去的总是要回来，回来的也变了样…,0,2024-11-09 14:34:53,0.1773939804952298
在下韩子青,浙江,我也是啊！以前是个胆小鬼 现在要成为保护大家的勇士,0,2024-11-09 13:19:58,0.6052606642924159
my陈少,浙江,我真的很想很想他喜欢我啊[多多大哭],1,2024-11-09 12:17:54,0.9848126225414434
-撑伞,湖北,没关系的   你冷落我我就放弃你.,0,2024-11-09 12:08:57,0.6674482006269379
坏微余,广东,总说时间会冲淡一切 可我回忆里的你依旧很清晰,1,2024-11-09 12:07:59,0.9946527188692461
斜杠青年ieu,广东,希望你以后遇到的都是满眼都是你的人,0,2024-11-09 11:54:29,0.8355413938252662
困住我的总是回忆,四川,和喜欢的人在一起真的好幸福，想抱住她说我爱你，永远。,0,2024-11-09 10:02:06,0.9976036459448858
X-夏希桐,河南,关于我的一切 你早忘了吧.三言两语讽刺我这是你的手段.你说的话我一直当真希望一直真.不强求任何一段关系即使很在意.爱很简单 每一条信息都要好好回.从不渴望幸福因为知道幸福难如登天.看到你很幸福和好两字再也说不出口.我是一个矛盾的人说着狠话又不想你走.,0,2024-11-09 09:46:24,0.9999955815138805
X-夏希桐,河南,关于我的一切 你早忘了吧.三言两语讽刺我这是你的手段.你说的话我一直当真希望一直真.不强求任何一段关系即使很在意.爱很简单 每一条信息都要好好回.从不渴望幸福因为知道幸福难如登天.看到你很幸福和好两字再也说不出口.我是一个矛盾的人说着最狠的话又不想你走.,0,2024-11-09 09:46:11,0.9999986404616505
乌日力嘎19062,内蒙古,我喜欢的人我到现在也不知道到底是不是喜欢我,0,2024-11-09 09:18:08,0.5743361927611871
暧昧,吉林,难过😔,1,2024-11-09 09:12:23,0.7297953905324703
YikeOcean,广东,对于我来说 你就是我的精神寄托 一旦你开始冷淡我 那我就会很难过 但也会劝自己不要再去想了[好听哭了][好听哭了][好听哭了],2,2024-11-09 08:38:06,0.7005114228089077
7_也是_妻,河南,我从来都不好 就像你说的 我有病,0,2024-11-09 08:23:14,0.08841725761368469
7_也是_妻,河南,许下的诺言 如轻捻的纸 易碎,0,2024-11-09 08:23:04,0.7797131985075345
7_也是_妻,河南,你来找我吧，初恋还是你.,0,2024-11-09 08:22:45,0.8493724491692836
诗-绫邵,四川,恭喜[色],0,2024-11-09 07:10:32,0.47956870727023193
sn小猪羔,安徽,@sn小羔羊 你也是我的依赖啊 小猪羔  想有你的每一天,0,2024-11-09 03:04:03,0.8498003866449094
sn小猪羔,安徽,@sn小羔羊 已经慢慢习惯身边有你的存在 没有了你瞬间就落空了 小猪羔回来吧,2,2024-11-09 03:03:22,0.999666551169441
不许柯,江西,要幸福！,0,2024-11-08 22:04:36,0.9162790697674418
犀牛的吻,四川,对,0,2024-11-08 21:16:34,0.5262327818078083
X-夏希桐,河南,痛到极致是麻木的.挺想你的但只能盯着你的账号发呆.那夜不愿对你倾诉我走了最黑的路.对不起这样的我你应该感到很厌烦吧.你说长痛不如短痛为什么我越来越痛.对你的专属滤镜没有了你好像也很普通.曾经许下的誓言终究成了记忆中的谎言.早睡的人完美的避开了每晚的情绪上涌.,0,2024-11-08 21:14:58,0.9999996681081886
X-夏希桐,河南,是新的冬天是和你的冬天.还不能妥协的事情往往都是事与愿违.我不会束缚谁愿意等你都是我一厢情愿.不是我敏感爱都是要反复证明来确认的.倘若真的错过那也是彼此心照不宣的选择.这个坎有点难迈你说的永远我以为会很远.笑容可以给任何人但真心我只想给你.全世界都在和好而我们连面都见不到.,0,2024-11-08 21:05:57,0.7441419739615545
X-夏希桐,河南,我自有干面万貌你所见不过一二.我一生并未作恶为何幸福总是远离我.船票还你以后的苦和难我一个人渡.可惜我不擅长挽留 也不会有人一直陪着我.不够真诚是危险的可盲目真诚是致命的.我想把最好的都给你可你却置之不理.曾经懵懂的女孩被你一言一句所困住.一路磕磕碰碰轻描淡写已经成为习惯.,0,2024-11-08 21:04:22,0.9999934385179767
X-夏希桐,河南,照片 唯一锁住时间的公式.我会忘记的 忘记那些腐烂的誓言.我想遇到一个人 一个只对我好的人.我总在解释 我忘了厚爱无需多言.一次次妥协让我们距离越来越远了.我可以躲开幸福 但痛苦并没有消失.这一路的苦和难我都自己熬过来了.愿你爱笑的眼睛一直笑 想要的都得到.,0,2024-11-08 21:03:24,0.9999509634820871
X-夏希桐,河南,我是一个矛盾的人说着最狠的话又不想你走.关于我的一切 你早忘了吧.三言两语讽刺我这是你的手段.你说的话我一直当真希望一直真.不强求任何一段关系即使很在意.爱很简单 每一条信息都要好好回.从不渴望幸福因为知道幸福难如登天.看到你很幸福和好两字再也说不出口.,0,2024-11-08 21:01:55,0.9999986404616505
_池怡L-,贵州,失去你的时候大概就是世界末日来临的时候,0,2024-11-08 20:51:04,0.9770675491692699
insMTstar,宁夏,一直是男孩，只不过从爱哭变成顶天立地,1,2024-11-08 20:31:38,0.9634361441927056
坏微余,广东,没有身份，连吃醋都要把握好分寸,1,2024-11-08 19:17:13,0.7681787784570879
谁是朕的菜,北京,我也有过这样的经历 我也这么觉得 现在想想 其实没什么大不了的,0,2024-11-08 16:15:56,0.31435282935510744
KaiserFriedrich,吉林,是这样的，如果真是这样就算陕北那个伟人力挽狂澜了，收回东北的难度可比现在大太多了,0,2024-11-08 14:58:34,0.9180714038088754
Afsiena,浙江,谢谢你[多多可怜]真的感谢相遇！,0,2024-11-08 12:46:35,0.9382191972525844
涵陪你看海,福建,原来七年真的可以说忘就忘.,0,2024-11-08 12:03:16,0.5862108316970974
雨停了就走_,重庆,缘分,0,2024-11-08 10:48:49,0.9333333333333333
拥中其美,四川,没事的，会好的,0,2024-11-08 10:25:11,0.6217917007566495
曾有妳的天气,北京,慢慢来是诚意 是慢热的我对你最真诚的告白,0,2024-11-07 23:41:11,0.6949554612208861
-心在多伦多a-,西藏,+1,0,2024-11-07 21:34:59,0.8
顾梓家的大笨蛋,北京,可我还是忍不住去想他……,0,2024-11-07 18:03:01,0.8680321814108197
许愿小冰,湖南,冬将至我与你零下的冬天炽热的爱意我开始准备拥抱下一个冬天或许这个冬天更值得期待立冬啦搓搓小手跟你一起过,0,2024-11-07 17:33:53,0.9939261509482107
许愿小冰,湖南,降温了我说的是冬天来了冬将至我与你这个冬天要和更好的自己碰面零下的冬天炽热的爱意我开始准备拥抱下一个冬在这个有你的冬天不会有眼泪或许这个冬天更值得期待立冬啦搓搓小手跟你一起过,0,2024-11-07 17:33:08,0.9967602213745669
许愿小冰,湖南,降温了我说的是冬天来了冬将至我与你这个冬天要和更好的自己碰面零下的冬天炽热的爱意我开始准备拥抱下一个冬在这个有你的冬天不会有眼泪或许这个冬天更值得期待立冬啦搓搓小手跟你一起过,0,2024-11-07 17:33:04,0.9967602213745669
许愿小冰,湖南,降温了我说的是冬天来了冬将至我与你这个冬天要和更好的自己碰面零下的冬天炽热的爱意我开始准备拥抱下一个冬在这个有你的冬天不会有眼泪或许这个冬天更值得期待立冬啦搓搓小手跟你一起过,0,2024-11-07 17:32:50,0.9967602213745669
许愿小冰,湖南,降温了我说的是冬天来了冬将至我与你这个冬天要和更好的自己碰面零下的冬天炽热的爱意我开始准备拥抱下一个冬在这个有你的冬天不会有眼泪或许这个冬天更值得期待立冬啦搓搓小手跟你一起过,0,2024-11-07 17:32:30,0.9967602213745669
等亿场意外,陕西,慢慢我也学会了伪装,0,2024-11-07 16:57:31,0.9824832753891226
镇魔降龍,山东,替兄弟们试过了，真诚+恋爱脑+舍得花钱+信息秒回+分享欲很强+粘人精+会换位思考+无限付出+吃醋+会乱想+因为一句话伤心难过+过于主动=小丑🤡=输的很惨 无一例外,3,2024-11-07 13:32:18,0.9999504260128957
_与日出,新疆,真的吗！,0,2024-11-07 11:50:27,0.6111111111111113
Cx330-Eliauk,中国香港,或许都是过眼云烟，都来不及说再见,0,2024-11-07 03:22:08,0.9680431033826001
渡妈全能,新疆,喜欢会有评价标准，但是心情是一样的。他如果重视你，真的爱护你怎么会这样呢。怎么会一次又一次伤害你啊,0,2024-11-07 00:48:20,0.9494084544137521
渡妈全能,新疆,那种希望对方不要难受的心情，是无论如何，都会有的心情啊。这才叫喜欢。你不要骗自己了,0,2024-11-07 00:46:52,0.10141242756291047
渡妈全能,新疆,怎么会是喜欢,0,2024-11-07 00:45:51,0.6769293492516186
渡妈全能,新疆,相互喜欢的人怎么能因为所谓吵架就根本不站在对方的角度呢。真的是喜欢嘛。不知道了。真的爱怎么会委屈对方呢，怎么会让对方委屈呢，怎么会一次又一次的让你歇斯底里。可能是喜欢夹杂着别的东西吧。怎么会对方伤心的时候一句话都不说。为什么知道自己伤害了对方，说必须要在一起呢，不顾对方的感受。这,1,2024-11-07 00:45:42,0.9916334437055467
激动惬意洛卡比里_z,新疆,十1,0,2024-11-07 00:07:49,0.35480947708129973
mm冬季,河南,今年冬天格外冷庆幸你比冬天先到.,0,2024-11-06 23:42:51,0.7853174649130952
mm冬季,河南,是新的冬天 是和你的冬天.,0,2024-11-06 23:14:13,0.5592157253437847
听雷岛,广东,我们曾离别，曾相逢，但终究在最后各有缘尽……,0,2024-11-06 20:32:33,0.9993408013873738
听雷岛,广东,我们曾离别，曾相逢，但终究在最后各有缘尽……,0,2024-11-06 20:32:12,0.9993408013873738
婷夏蝶-wen,四川,态度就是答案 我早该明白的.,0,2024-11-06 19:35:26,0.7173762505585751
日常待定,广东,别熬了宝 我今天凌晨两点才睡着 现在头有点晕 胃也有点难受[流感],0,2024-11-06 17:32:14,0.011231987730243143
映雨薇薇,广东,你醒来了吧[多多无语],0,2024-11-06 17:21:35,0.5480502126648185
啦啦啦啦啦卡扣卡,北京,我今年十八岁啦[多多大笑]祝你天天开心哦!要努力过好每一天哇~,0,2024-11-06 17:06:25,0.9999025586812819
没用的承诺i,河北,如果有人一直爱我 我就不想死了.,1,2024-11-06 17:03:46,0.43859219131510874
没用的承诺i,河北,99,0,2024-11-06 17:03:13,0.4545454545454545
一心要上热门的清水呀,浙江,别想太多啦！释怀吧[憨笑],0,2024-11-06 16:38:44,0.12947402676287678
王大石头,四川,厉害,0,2024-11-06 15:56:50,0.35964912280701733
祈语缘_,广东,适合立冬那天封神的官宣文案 比如：,0,2024-11-06 13:26:01,0.9861988999671467
kkky01,黑龙江,慢慢的喜欢我们相同的频率,1,2024-11-06 12:53:40,0.8382676611284814
惊涛骇浪神,北京,我选的不是人 是回忆里的那个自己,0,2024-11-06 12:23:08,0.9457328535154632
琳体,广东,回过头来听,1,2024-11-06 11:45:22,0.5731652457495195
顾清寒-L,辽宁,幸福,0,2024-11-06 03:29:49,0.9162790697674418
下雨_1eIL,陕西,改不了熬夜的习惯 也忘不了那段回忆,2,2024-11-05 22:25:18,0.9699906070611451
妞宝_csl,湖南,生日快乐呀！宝贝，虽然不能一起生活，而我会一直陪着你！,2,2024-11-05 20:49:25,0.9987671125148047
许愿小冰,湖南,睡一觉永远不醒来.,0,2024-11-05 20:20:25,0.12065846298524363
XT95_,湖北,慢慢习惯,0,2024-11-05 14:49:14,0.8012382712748463
已觉春意泛滥oo,江苏,谢谢你给我临时小孩角色卡,1,2024-11-05 13:23:11,0.6901613197783428
WIXX情,广东,你明知道他不喜欢你，可是你还是选择了他,1,2024-11-05 11:34:56,0.6135711238409621
温柔且静,北京,和他在一起的那段时间他最喜欢听这首歌，分开后没敢再听过，现在听原来这么甜，或许和我在一起的那段时间他的脑海里想的也是和她的美好画面，或许现在的我也是真的放下了,1,2024-11-05 08:07:29,0.9999960916984327
想做你初恋7,河北,解释不清楚就接吻吧,0,2024-11-05 03:24:37,0.13785893251395087
悄漫雾哦,湖南,+1,0,2024-11-05 02:33:04,0.8
艾卡西亚-毛毛雨,江苏,我就不信还有人,0,2024-11-05 00:02:36,0.3964366026098488
vLexy1906,广东,慢慢越来越孤单慢慢习惯一个人慢慢失去期待…,1,2024-11-04 22:57:45,0.9984005263447567
北院研究生校花,河北,好温暖 好浪漫 希望你有一天能在我身边,0,2024-11-04 22:57:31,0.9979879557649696
思绪予琳年年,广东,会的,0,2024-11-04 21:53:03,0.5539033457249072
发现他根本不爱我,四川,或许爱的越久分开就越痛吧,1,2024-11-04 21:23:52,0.9245521749680198
听雷岛,广东,如果破镜能重圆 那我们就回到从前,0,2024-11-04 21:23:03,0.08293210574539989
mm冬季,河南,“没有身份  连吃醋都要把握好分寸”,0,2024-11-04 19:37:51,0.7681787784570879
L清决,辽宁,任何人的离开都不是你生活的全部啊   千万别因为一个人的离开而一蹶不振,1,2024-11-04 10:39:48,0.22528953051898426
Richmeng-,云南,没人懂我的歌单吗 是循环,0,2024-11-04 08:21:03,0.0668582428818334
小悦悦ioi,安徽,希望我们共勉，去看更广阔的世界，而不是在鸡皮蒜毛的小事中脱不开身，,0,2024-11-04 05:36:08,0.956483843830334
椰柚柚Nadia,陕西,会过去的这句话 我对自己说了千百遍  我们会幸福的对吗,2,2024-11-03 22:42:36,0.8650459085439325
椰柚柚Nadia,陕西,慢慢喜欢你 慢慢等着你们回来 蟹蟹你们对坚持和努力 夜夜笙戈冲冲冲,1,2024-11-03 22:37:17,0.997666711445682
小欣uoo,广东,谢谢啦,1,2024-11-03 22:34:32,0.5965665236051504
亡死来唤会是但人迷又爱可我然虽,广东,嘿嘿,0,2024-11-03 20:23:57,0.6440677966101697
妳的筱念,福建,你叫我别哭 可我哭到窒息还是因为你最后我们是像仇人一样什么话都说的出你说爱我是欺骗是怜悯还是真的心疼我看曾经的好像只有我自己 你毫不在意其实我早就看清了 只是我舍不得而已想放弃却又舍不得 想继续却又没意义可惜你不懂 那种看清了还喜欢的感觉到底是喜欢还是执念 我已经分不清了,0,2024-11-03 20:23:18,0.9938241329348736
妳的筱念,福建,你不能只看到她完美的一面 你也要心疼她蹲在角落没人理解的疲惫.你是一个很可爱的小女孩 别为了身材而减肥不吃饭.我爱你的天真.如果思念是一条围巾 那我一定会织很长很长.希望你下次哭是 因为太幸福.世界上有一个特别棒的人 她正在读我这句话.,0,2024-11-03 20:04:53,0.9999999999386002
汪机与WLAN,浙江,过去不可能是过去式，而是进行时,0,2024-11-03 18:52:15,0.49925706331718367
-撑伞,湖北,无非就是好感上头了什么承诺都敢许.,0,2024-11-03 18:23:25,0.37933231283535973
傲娇漫域阿洛,广东,我懂，你只是觉得他没那么爱你，但是你心里知道他很爱你！,1,2024-11-03 18:06:43,0.8778529706494106
无敌的小苏洪,浙江,你说的很对呀，有时候爱情不是唯一的，还有很多东西值得我们去追寻！加油！,1,2024-11-03 17:50:58,0.9996900415666364
Adam爱吃饭,浙江,哪有人喜欢孤独啊，只是不想失望罢了,0,2024-11-03 17:48:44,0.8753109507146091
Adam爱吃饭,浙江,一个人的世界，不停奔跑就不会孤独,0,2024-11-03 17:48:20,0.9955043294224416
原青vfw,北京,不能怎样 我们还要继续向前走不是吗[多多可怜],0,2024-11-03 17:38:09,0.41556259415085905
仔仔mlj,北京,那为什么不尝试着去改变,0,2024-11-03 17:24:09,0.771251913388872
小程诗集,江西,幸福,0,2024-11-03 16:55:11,0.9162790697674418
影武者laz,浙江,该走的留不住 不属于自己的东西就不要去强求,0,2024-11-03 16:17:14,0.3817712717919073
坏微余,广东,人生第一课 你没有那么多观众人生第二课 你不是谁的最好朋友人生第三课 不和没必要的人生气人生第四课 健康最重要人生第五课 接受自己的平庸人生第六课 做你自己人生第七课 爱人先爱己人生第八课 勇敢的人先享受世界人生第九课 学会拒绝人生最重要的一课 你永远是最好的自己,1,2024-11-03 15:14:37,0.9999999999876497
sunshine木木夕1,河南,给你了[憨笑],0,2024-11-03 15:02:18,0.5
沈轻baby,陕西,跟我处对象吧 跟你用情头 头像换你 签名挂你 昵称挂你 网易云名字是你 游戏昵称有你 朋友圈公开你 不钓鱼 不冷暴力 不单删 列表随便你删 看谁不爽就断 所以快跟我恋爱吧宝 我不扣字 不ke炮 我是网上的一股清流 我活泼开朗聪明大方温柔善良单纯,0,2024-11-03 13:21:45,0.5660154552792391
xijsdo,江西,好听,0,2024-11-03 12:18:57,0.33333333333333337
永恆_Ry6D,广西,你说爱  易如反掌  我说幸福  难如登天.歌都能0.8倍慢放  为什么不能慢慢了解我呢.或许幸福本就不属于我.我做过最苦的差事  就是教你珍惜我.不喜欢你了  这句话我说了又说.我死死握住这一页  总觉得我们还有可能.,0,2024-11-03 11:58:27,0.9975536461277622
落日ai,湖北,QQ不响了微信也没消息了游戏也玩腻了听着喜欢的歌翻着别人的评论默默的看着别人的故事如果咱俩一样那真的是太有缘了,0,2024-11-03 10:25:59,0.7879257030172444
落日ai,湖北,人生第一课 你没有那么多观众人生第二课 你不是谁的最好朋友人生第三课 不和没必要的人生气人生第四课 健康最重要人生第五课 接受自己的平庸人生第六课 做你自己人生第七课 爱人先爱己人生第八课 勇敢的人先享受世界人生第九课 学会拒绝人生最重要的一课 你永远是最好的自己,1,2024-11-03 10:25:46,0.9999999999876497
何止心会冷冰冰,安徽,或许我们是彼此最好的朋友，可你不知道我喜欢你好久了,1,2024-11-03 08:57:15,0.9150586444600207
静心成长-,安徽,凡是自然界中的好东西，都是缓慢的。就像太阳一点点升起，花一朵朵开，粮食成熟，细水长流，这些东西都是慢慢来的。相反那些骤然的都是穴难。慢慢成长，慢慢遇见，慢慢看世间沉浮，慢慢看岁月静好,2,2024-11-03 06:34:25,0.9999999996900026
莹莹委屈,广西,我喜欢你zkr,1,2024-11-03 05:10:47,0.6769293492516186
漫漫辞,广东,我是个非常非常记仇的人 即使后来幸福的瞬间有很多但我依然能记住那些让我难过的事情 但我什么都不会做 只是记住,1,2024-11-03 04:09:43,0.9970895001349183
荷包蛋不爱睡觉,河南,那咋了,0,2024-11-03 03:14:34,0.5262327818078083
荷包蛋不爱睡觉,河南,哦,0,2024-11-03 03:14:23,0.5262327818078083
草稿纸Sentiment,河南,配图:拿着手机落泪BGM:太冲动的我文案:泪水打湿聊天记录 剩下只祝你幸福,0,2024-11-03 01:37:24,0.9993166956005166
草稿纸Sentiment,河南,配图:单手捂嘴BGM:雪文案:小手一搓 今年冬天还是一个人,0,2024-11-03 01:36:15,0.0600108937954682
草稿纸Sentiment,河南,配图:单手捂嘴BGM:雪文案:小手一搓 这年冬天还是一个人,0,2024-11-03 01:36:05,0.06545513660634139
草稿纸Sentiment,河南,配图:刀片BGM:不该文案:手臂上的刀疤重重叠层是我爱过你的痕迹,0,2024-11-03 01:34:46,0.9585983847599366
草稿纸Sentiment,河南,配图:Ta官宣的朋友圈BGM:寂寞烟火文案:再次官宣的时候别忘了屏蔽我,0,2024-11-03 01:33:40,0.9851407310834556
69559999,河北,如果我赚了很多钱 我一定会买下你片刻的柔情,1,2024-11-03 00:42:21,0.42239974913823886
SJICMA,广东,[口罩],0,2024-11-02 23:58:10,0.2500000000000001
呆郁辰-,安徽,你总以为我圈子很大有很多人陪我有聊不完的天其实我只和你一个人联系其它的时候除了打游戏就是刷视频玩到凌晨都是我一个人,0,2024-11-02 22:44:57,0.7905762510941715
浅墨白白_BhkO,内蒙古,咋回事,1,2024-11-02 21:30:15,0.3302166330419527
漫漫辞,广东,你的好 你的珍贵 都不需要另一个人的肯定才能成立,2,2024-11-02 21:28:15,0.9350989015245704
水儿耶,四川,她说她爱我但我感觉她没有那么爱我,0,2024-11-02 17:59:10,0.8337407868762424
雨桜彼方,浙江,加油啊[多多大哭]希望你好起来,0,2024-11-02 16:54:18,0.9823525944174762
插了又插还要再插,浙江,他可能想让你明白要珍惜眼前人,0,2024-11-02 15:57:21,0.9968232511600913
-听恨海,河南,怪我这张不出众的脸 留不住你暧昧跳动的眼.,1,2024-11-02 15:33:28,0.581049511722538
拾叁icl,广东,把心腾空才能装下更好的东西[憨笑],0,2024-11-02 14:35:59,0.6082033149826694
赋写离别思念,广东,你说你是破碎的 但世界上有会拼图的人,1,2024-11-02 14:35:11,0.9098467506143791
CB80227,广东,他慢慢不再是一个男孩,1,2024-11-02 13:46:54,0.9593505719624347
魔怔智障废仙女,浙江,回不去了 不要想了 向前走吧,0,2024-11-02 13:10:45,0.4445312710739683
阿斯托尔福ftx,北京,这个梦是你日思夜想的我吧？[爱心],0,2024-11-02 12:33:40,0.9078434336997213
悠悠_zLeQ,河南,如果你被坚定选择了，那你会不会只认他一个,2,2024-11-02 12:04:44,0.5356846515252122
今天会幸福的,安徽,今天有人听这首歌吗 请用赞告诉我,30,2024-11-02 11:27:18,0.9429016191617706
睿釨,湖南,恭喜,0,2024-11-02 11:10:47,0.7499999999999999
Qiu-73,广东,慢慢来吧慢慢喜欢我🥹,0,2024-11-02 10:51:07,0.9920277276650412
小枕不说晚安,河北,我的执着我来买单  我再也不会那么天真对感情抱有幻想了.,1,2024-11-02 10:16:32,0.9976650110826332
小枕不说晚安,河北,那天朋友调侃我的每段感情都烂透了 说真的 那一瞬间 心痛如绞.,0,2024-11-02 10:15:22,0.6734870625278804
数学快滚蛋o,湖北,从在你心里我的话连一个你知道伤害过我的女生对你说的话都不如的那一刻，我再也不会在别人面前为你辩解了，就算难过伤心偷偷流眼泪又怎样，我的爱一点也不廉价，总有一天我会把心腾空，把爱放在值得的人身上,1,2024-11-02 09:40:47,0.9611401480197563
痛zzy,广西,回忆是痛的可又能怎样.,4,2024-11-02 07:46:03,0.9399947730622367
痛yii,广东,会过去的这句话我对自己说了无数次.,4,2024-11-02 07:42:27,0.2996906422443708
啵啵蔡文姬,江苏,为了他下载的王者 为了和他双排熬夜苦练英雄 不分昼夜从青铜打到了星耀 结果他把我好友删了[哀伤]我真傻 如果真的因为段位不合适他可以开小号啊 我又不是为了上分 后来明白 完全就是我一厢情愿……,0,2024-11-02 04:32:23,0.9998904739913895
讨厌逸轩,云南,不懂就问，哪个省最有名气,0,2024-11-02 01:47:32,0.11070989993206037
最后的轻语_EnD1,山东,愿上帝保佑那个真正爱过你的人，你把他的心都揉碎了。,1,2024-11-02 01:18:01,0.9875716755690309
玲_ED,甘肃,那些主动找你日子 不会再有了,0,2024-11-02 00:33:55,0.3951703721603096
小欣uoo,广东,贝贝们想要徽章    点这条十一月对你好🤓👆,24,2024-11-02 00:04:54,0.822784183004358
椰柚柚Nadia,陕西,慢慢慢慢 慢慢走进你 慢慢喜欢你 想告诉你 我很爱你,1,2024-11-01 23:38:43,0.999352416906356
柯基是我的哇,湖北,羡慕了,0,2024-11-01 22:49:28,0.9827586206896551
柯基是我的哇,湖北,确实啊,2,2024-11-01 22:49:05,0.6538461538461541
柯基是我的哇,湖北,嗯,0,2024-11-01 22:47:50,0.5262327818078083
泪水写篇章,四川,你对我好的那段时间我记了好久.,0,2024-11-01 22:38:09,0.9011167676226838
泪水写篇章,四川,非要我说出来你才能看到我的委屈吗.,0,2024-11-01 22:36:11,0.4097055822659065
泪水写篇章,四川,做了你一时的茉莉 后来你遇见了你想保护的玫瑰.,0,2024-11-01 22:35:31,0.9911568324739153
泪水写篇章,四川,你若还回头我仍待你如初.,0,2024-11-01 22:34:18,0.587481994584525
泪水写篇章,四川,不是我恋爱脑是他那时候真的对我很好.,1,2024-11-01 22:33:11,0.9588787345349344
泪水写篇章,四川,不是我恋爱脑是他那时候真的对我很好.,0,2024-11-01 22:32:16,0.9588787345349344
泪水写篇章,四川,不是我恋爱脑是他那时候真的对我很好.,1,2024-11-01 22:24:24,0.9588787345349344
Ay谢浔,四川,没说出的那句喜欢成了我的心结,1,2024-11-01 21:59:34,0.32622987431446826
Ay谢浔,四川,改不了熬夜的习惯 也忘不了那段回忆,1,2024-11-01 21:59:24,0.9699906070611451
Ay谢浔,四川,我曾天真的以为真心能打动一个人.,3,2024-11-01 21:59:12,0.9339575422622556
Ay谢浔,四川,“我曾经在你梦里看到一个不一样的我”,2,2024-11-01 21:58:19,0.8287423762306126
-知雾祝,江苏,宝子你我都不是替谁而活的你我都是独一无二的一定要天天开心别做傻事,1,2024-11-01 21:37:38,0.9515282792892318
痛吻PYR,广东,为什么《晴天》里面讲的都是雨天,1,2024-11-01 20:23:37,0.47347462347486036
痛吻PYR,广东,因病缠身真的很痛苦,2,2024-11-01 20:22:22,0.7896127787246907
aaa陌颜_,湖南,恭喜,0,2024-11-01 20:03:56,0.7499999999999999
相册里有她的照片嘛,山东,吵吵架翻翻脸什么的我根本就不记得 我只知道 你恶语说出口的时候 我就感觉不对了就没办法在一起了,0,2024-11-01 20:01:31,0.005279751941804411
-撑伞,湖北,说的睡觉了可能只是想让我闭嘴吧.,1,2024-11-01 19:45:38,0.26590911117911864
醉村夫,广东,加1,0,2024-11-01 19:44:49,0.29039314792965054
V替身吧,江西,放下过去，让心归零.,2,2024-11-01 18:18:09,0.594099880927275
V替身吧,江西,放下过去，让心归零.,0,2024-11-01 18:17:22,0.594099880927275
白米粥e,湖南,幸福吗 或许吧.,0,2024-11-01 17:05:32,0.9701899047065179
ks_xiao佳,辽宁,W.你说话好随便 根本不怕我伤心,1,2024-11-01 16:36:14,0.2971950159320983
萧知春雨,新疆,十一月大家都要好好哒[幽灵],3,2024-11-01 14:36:09,0.7251692469539209
暮熐花,江苏,喜欢[色],0,2024-11-01 13:31:14,0.4168642080630651
考试不上全班前三不改名,浙江,真好啊！要一直幸福下去,0,2024-11-01 12:40:49,0.9502577554997749
不敢掏真心,湖南,99,1,2024-11-01 12:35:05,0.4545454545454545
黎曦瓯,黑龙江,恭喜^ω^,0,2024-11-01 12:24:18,0.7297953905324696
单字一个恒1,陕西,我是说：如果你想哭的话，给你个肩膀靠靠,1,2024-11-01 01:34:25,0.3913369094854474
zhyYOLO,山东,你好，十一月！！！！！,2,2024-11-01 01:01:15,0.11361532416796538
-牧一,甘肃,十月   晚安,0,2024-11-01 00:57:13,0.49931423915380657
两首倒带,浙江,不开心,0,2024-10-31 22:02:09,0.6037259783171506
吃醋小瑶神,安徽,这次我站在风中乱了头发乱了心,1,2024-10-31 21:30:52,0.42100705038782027
樎嗯,河南,+1,1,2024-10-31 21:10:32,0.8
续山意见过去,江西,幸福,0,2024-10-31 20:06:31,0.9162790697674418
许愿小冰,湖南,好幸运我们又相爱了.故事还长我们接着讲.复合啦和初恋最爱的.我知道你会来所以我一直在等.昨天和最爱的前任和好咯.就在昨天我和我青春的挚爱和好啦.,0,2024-10-31 18:38:41,0.9999999938520299
许愿小冰,湖南,好幸运我们又相爱了.故事还长我们接着讲.复合啦和初恋最爱的.我知道你会来所以我一直在等.今天和最爱的前任和好咯.就在昨天我和我青春的挚爱和好啦.,0,2024-10-31 18:38:04,0.999999990017204
话少但噎死人,广东,可惜我们高中没有打羽毛球的地方[多多大哭],0,2024-10-31 12:11:53,0.8775769949023534
msaair,广东,怎么会呢？你可是我最想留住的小宝贝,0,2024-10-31 12:09:44,0.9738500161480944
冷板凳c,广东,会,0,2024-10-31 07:41:09,0.5539033457249072
y无聊的人x,广西,幸福[多多大笑],0,2024-10-31 02:33:42,0.9814643777486559
落日藏进雾里,吉林,我们似乎习惯了随波逐流，在这快节奏的生活里，我们好像都很忙，却又不知道忙些什么。我们总是倍感焦虑，渐渐地迷失了自我，身边的人都在加速成长，唯有自己原地踏步。可是，人生是旷野而非轨道，你要相信会有人与你步伐一致。走走停停时的风景也很美。,0,2024-10-30 23:38:22,0.9999999519973836
薛定谔的狐三岁,安徽,QQ不响了微信也没消息了游戏也玩腻了听着喜欢的歌翻着别人的评论默默的看着别人的故事如果咱俩一样那真的是太有缘了,0,2024-10-30 23:32:58,0.7879257030172444
吃醋小瑶神,安徽,落日夕阳下的羽毛球场 永远闪耀着我们的青春,1,2024-10-30 21:58:52,0.9995354453451054
吃醋小瑶神,安徽,球框那么大，你照样打不中，她的手那么小，你照样牵不住,0,2024-10-30 21:54:56,0.032282801716550624
情绪怪人宇少,四川,我在意的其实很多 只是没说而已,1,2024-10-30 19:31:59,0.2551258686581137
v我们别再相遇,江西,不要抛下我,1,2024-10-30 19:30:55,0.5496966279483867
Dirkemmmm,浙江,我希望你在我不在的时候好好生活,0,2024-10-30 12:49:55,0.8592906079500409
XIWANGNIKL,湖南,未来一直值得被期待,0,2024-10-30 12:25:25,0.9800904106237104
高二徐佳兴,广东,所以我要在心动的瞬间就拒绝吗？[心碎],0,2024-10-30 12:05:29,0.9937947167791165
墨卿柒月,北京,你让我开始期待未来了[多多大笑],0,2024-10-30 11:55:01,0.988614828398677
大江吃鱼,宁夏,思念过度的时候该怎么办,1,2024-10-30 11:46:32,0.7095011399145453
荞麦面不加辣,广东,我对你最后的爱 是希望你好,0,2024-10-30 11:44:54,0.7786149160929753
莘清kitty,海南,恭喜祝久久,0,2024-10-30 11:03:30,0.9331828615325259
莘清kitty,海南,我,0,2024-10-30 11:02:32,0.5262327818078083
莘清kitty,海南,祝久久,0,2024-10-30 11:00:43,0.8379504531138762
莘清kitty,海南,恭喜㊗️99,0,2024-10-30 11:00:22,0.7297953905324696
莘清kitty,海南,加一,0,2024-10-30 11:00:02,0.483455882352941
且行_a,安徽,宝宝，不是你选择了生活，而是生活选择了你[爱心]每个人都有机会走这一遭，要开开心心的！珍惜自己和爱的人！,1,2024-10-30 09:39:11,0.9999885406959934
早睡小孩儿,广西,嗯呐,2,2024-10-30 07:34:37,0.6363636363636364
dvbhbh,四川,世界上还有好多好多新奇的东西，希望你不要悲观，开开心心的过好每一天[大笑],1,2024-10-30 00:57:47,0.9992932060119356
dvbhbh,四川,祝你幸福😁,0,2024-10-30 00:55:42,0.982205374518383
思绪予琳年年,广东,请用最乐观的心态替我活下去吧,9,2024-10-30 00:03:36,0.990690267357255
Adam爱吃饭,浙江,我愿意在第一时间与你分享有趣的事,2,2024-10-29 22:56:16,0.9281195865479183
莓_璃,湖南,祝久久呀,0,2024-10-29 22:46:40,0.8379504531138762
洛晓_txy,河北,lqx我喜欢你,1,2024-10-29 22:20:37,0.6769293492516186
前夫小帅,浙江,亲爱的不要哭我会一直陪着你,0,2024-10-29 21:37:33,0.9750797868697663
前夫小帅,浙江,心动是本能 但心定才是选择.,0,2024-10-29 21:31:21,0.9734621480483466
季函-,山东,去年陪你跨年的人还在吗.,0,2024-10-29 21:27:32,0.8752378906576939
精緻YAN,广东,然后经过深思熟虑后 终于表白 说喜欢 有人说爱情不用太过理性 可我觉得 好的爱情 不是多巴胺的短期荡漾 而是你经过非常理性的考虑之后 也确定爱我 这个过程可能会很慢 可好的爱情不就是 一眼好感 然后慢慢地 慢慢地慢慢喜欢,4,2024-10-29 20:32:39,0.9999995314400276
精緻YAN,广东,希望大家下次谈恋爱 都是从朋友开始的 不是那种为了谈恋爱 而特意接近 只是顺其自然地恰巧成了朋友 一起聊天 打电话 吃美食 听音乐 讲故事 然后顺其自然 发现了彼此的闪光点 了解了彼此的喜好 被心动吸引,70,2024-10-29 20:32:28,0.9996626511036224
萧鹤ovo,广西,你是我记忆里永恒的减七和弦圆周率没有尽头 人们也只记得开头.你像耀闪闪发光 我像吐土荒废一生.忘你 似万箭穿心.哪有什么军师 只不过是爱情的失败者.你诋毁我的那一刻 我们的情一笔勾销.再次见面的尴尬 是还未消散的爱意.,0,2024-10-29 19:25:04,0.9999988961036566
萧鹤ovo,广西,我以为真爱降临  原来是痛的开始我不是对谁都好 仅你而已.我的青春很短暂  但我很幸运遇见你.军师不上战场 上场必是恋爱脑我以为真爱降临  原来是痛的开始爱就是蘸水写诗边写边消失.手臂上的伤疤 是我应该受的罪,0,2024-10-29 19:23:10,0.9999999990470627
萧鹤ovo,广西,幸福是用心养的我们的每一帧都难忘.为了你我可以扛下所有.讨厌这个世界但唯独有你可以打败讨厌.做长久恋人不做短暂恋人.若你能读懂我心那我千字文章只写你.我当然心疼你  甚至超过我自己我也有心酸说给谁听谁能听我说.,1,2024-10-29 19:21:09,0.9999987421552173
happyboyrmg,广东,你说的这些我全都没经历过，但我却感同身受。,0,2024-10-29 16:47:10,0.6207813248561954
XIWANGNIKL,湖南,慢慢拉进距离,1,2024-10-29 11:42:50,0.694190221543906
啥是瓜娃子,广东,好的 谢谢你了,0,2024-10-29 10:50:35,0.7172908717489199
还在行走-,湖北,好累好想哭好崩溃,0,2024-10-28 22:49:06,0.8215419688070587
无心記_Cako,山西,“亲手删了自己喜欢的人的站出来＂,1,2024-10-28 20:55:55,0.6634058745048153
玖玹_hmpu,福建,爱就是蘸水写诗边写边消失.,0,2024-10-28 20:14:40,0.5614840726408725
微笑丶莞尔,广西,Slowly Will Discover,0,2024-10-28 20:08:20,0.13949471482418563
tyh梦醒了你会记得我吗,广东,不会回[口罩]他根本不想我,1,2024-10-28 19:01:10,0.058831140972684826
啥是瓜娃子,广东,叫什么名字,0,2024-10-28 17:27:43,0.5276381909547738
布丁咸鱼一只,北京,失去的都是本不属于你的东西,0,2024-10-28 17:16:07,0.46603987462580476
丶至尊苍穹碎rci,浙江,木叶飞舞之处，火亦生生不息！火之意志，薪火相传！,0,2024-10-28 17:04:04,0.9843244074502107
高价回收小萝莉,北京,所以我们要好好爱自己呀,0,2024-10-28 16:51:46,0.7789906625102122
翻篇哦-,湖南,看清我之后 在爱我,0,2024-10-28 16:40:43,0.8589256290905809
翻篇哦-,湖南,恭喜你,0,2024-10-28 16:38:59,0.7499999999999999
薇蓝雾语,北京,不要把自己搞得太累 生活本就是平平淡淡的,0,2024-10-28 15:15:45,0.8432239705192829
言语jdm,广东,哈哈哈你是懂军师的[多多捂脸],0,2024-10-28 14:39:41,0.13782533915909712
青春给了作业osi,浙江,我宁愿自己痛苦也不要别人难过[多多大哭],0,2024-10-28 14:24:01,0.9675892732781659
浅诺bpo,浙江,好好爱自己吧！宝贝[多多大笑],0,2024-10-28 14:03:23,0.9843814740816169
天涯彼岸花开,浙江,我也曾幻想未来但现实它把我打败[流泪],1,2024-10-28 13:48:00,0.9998902740897226
莹莹委屈,广西,羡慕,0,2024-10-28 10:37:33,0.9827586206896551
莹莹委屈,广西,好听,1,2024-10-28 10:37:23,0.33333333333333337
更依小夜,广西,你爸妈会,1,2024-10-28 10:25:15,0.4737672181921908
下水道的月光,浙江,就在刚刚 喜欢的人也说喜欢我了,107,2024-10-28 04:14:46,0.8143016380956932
Adam爱吃饭,浙江,你的肩上是风，风上是闪烁的群星,0,2024-10-27 23:06:12,0.4950878522627902
Adam爱吃饭,浙江,?我申请，加入你的人生,0,2024-10-27 23:05:49,0.5158270733669451
今夜梦到大海和你,辽宁,抱紧我,0,2024-10-27 21:58:38,0.6886655947166664
可笑的泪笔,江苏,耳机是唯一不用扎针的输液管，发呆是唯一不用付费的宇宙遨游。,0,2024-10-27 21:23:15,0.9675610468821026
一只安安鸭,广东,99,0,2024-10-27 18:18:16,0.4545454545454545
南城的夏半凉i,北京,你该庆幸她只是和你玩玩而已而不是真的和你交心[多多无语],0,2024-10-27 17:26:58,0.9496330545894626
大伟xta,浙江,一样 分手后就一直单曲循环,0,2024-10-27 17:07:19,0.1509901553847346
开心小涵_z6bW,辽宁,慢慢地接受了很多人的离开,1,2024-10-27 16:58:19,0.8949548665027535
笑什么我,北京,所以啊 人为什么要一直记录生活呢？因为想要被某个人看到 而那个人却永远不会出现了吧[多多大哭],0,2024-10-27 14:33:56,0.991032525300506
失落小缘,河南,军师不上战场 上场必是恋爱脑,1,2024-10-27 12:59:49,0.9660262032399768
忄艮己,云南,听完这首歌我们的故事到此结束我也讨厌自己的性格没人会爱我后来栀子花没开你我也没在相遇我哭的那天晚上你还是去陪了她不要在我身上找她的影子我不是她磕磕绊绊那么久没人说要当我的靠山我赋予你刺痛我的权利但也希望你手下留情,1,2024-10-27 11:32:53,0.968832362863807
忄艮己,云南,所以你那天盯着我是在向我告别吗我还是会晚睡少的是你的晚安朋友一场别谈我最爱的一任说好的不哭了还是忍不住流泪我这一路走来那么难怎么没人夸我勇敢看着自己一路坎坎坷坷我无话可说如果春天有绝笔那一定是我们共淋的那场雨,0,2024-10-27 11:20:44,0.9999999542997592
忄艮己,云南,缘尽则散看不透的话还是模糊一点好我不该妄想成为你的偏爱和例外你转头爱她的那一刻我痛到窒息静静看着你俩互动你猜我有多痛有钱记得给我买束花别给我买泪花你给我的爱无人能及当然给我的痛也是,0,2024-10-27 11:19:17,0.9984069987610389
忄艮己,云南,如果幸福像流泪一样简单就好了原来得到幸福的代价是流无数次的眼泪痛真的痛但碎掉的不只是我的情绪早就看清了翻篇的角色 我不愿意重演含糊不清的关系让我彻夜难眠昨晚我们的零零碎碎又击碎了我你的冷淡让我学会了少说话和不打扰,0,2024-10-27 11:18:07,0.9999995247516502
19859650395,福建,早已看淡一切,1,2024-10-27 11:13:55,0.44825460318265553
忄艮己,云南,又是对不起我不想听幸福好难好累好困没了我你幸福吗再爱都没用不是吗你什么都没变唯独心变了听歌进心情绪从眼溢出哥哥你刺痛我是去保护她嘛,0,2024-10-27 11:10:40,0.9993106930941782
-a零忆-,河南,情绪可以控制但眼泪不会说谎.你的演技湛我泪流满面.我可以接受你的所有不好但我不接受你的不诚.忘记是假的记忆是无垠的海.你说少联系从此我们再无音序.痛到窒息凌晨的夜属于眼泪.,0,2024-10-27 10:39:45,0.9955306497850622
-a零忆-,河南,突如其来的脾气往往积攒了很多的委屈.我总把自己装得很抽象 可我也好想被爱.你叫我别哭可我哭到窒息还是因为你.我总是无数次的痛恨我拧巴又敏感的性格.其实我们根本不顺路是我太想跟你走了.我待你最真心最用心也是刻骨铭心的痛.,0,2024-10-27 10:38:12,0.9999992696851101
-a零忆-,河南,这个世界充满假象 唯有痛苦不会说谎.我以为是真爱降临原来是痛的开始.世事变化我依旧是我内心平静而坦然.碎过的镜子再怎么缝补都有裂痕.我想你的陪伴一定是我的安抚药.关系就像一张纸 破碎了 再怎么拼都有折痕.,0,2024-10-27 10:35:20,0.9999999540516881
-a零忆-,河南,原来得到幸福的代价是流无数次的眼泪.痛真的痛但碎掉的不只是我的情绪.早就看清了翻篇的角色 我不愿意重演.含糊不清的关系让我彻夜难眠.昨晚我们的零零碎碎又击碎了我.你的冷淡让我学会了少说话和不打扰.,0,2024-10-27 10:33:35,0.9999613691481789
-a零忆-,河南,刺痛的不是文案是那些相似的回忆.当初的誓言我替你抹去祝你幸福.拿什么幸福拿你的食言还是我的眼泪.时间暴露了谎言 距离看清了人心.我只不过是再用最极端的方法让自己减轻痛苦.每一滴眼泪都在告诉我这就是我心软的下场.,0,2024-10-27 10:32:31,0.9999999618923242
-a零忆-,河南,痛的不是刀划的手腕而是你要离开的话.少心软心软只会让你被伤的更深.我像个小孩子眼泪总是说掉就掉.我假装无所谓 可无数瞬间都在刺痛我.你的爱好贵我这么多滴眼泪都买不来.如果幸福像流泪一样简单就好了.,0,2024-10-27 10:31:26,0.9993960734722674
我只爱你一个__,广西,那天你在雨后街角答应接受我的爱那一刻我的世界有了色彩这一生无法忘记关于成蓝色的你像一份礼物悄然呈现在我的记忆我们从清晨起玩一整天游戏到夜晚一起看我最爱的剧能够拥有这些我已足够幸运我已经不再期待其他什么东西我们也经常争执 互相不接电话在同一房间终于呼叫冷漠抵达也曾想过以后,0,2024-10-27 10:17:30,0.9999999996637998
Ay谢浔,四川,我曾天真的以为真心能打动一个人.,0,2024-10-27 10:02:12,0.9339575422622556
Ay谢浔,四川,看到已读不回的消息我再也无话可说.,0,2024-10-27 10:02:04,0.05578738835262176
Ay谢浔,四川,爱人如养花，你既无能，我也无力,1,2024-10-27 10:01:49,0.5156490523953583
ki呆呆-,江西,把状态改成我想他了，他会怎么回复你,0,2024-10-27 09:04:17,0.12135666756270036
我是死柱的狗,四川,木叶飞舞之处，火亦生生不息,0,2024-10-27 03:08:33,0.85880387329824
从秋至冬,陕西,上一次听 还是前任唱给我的 再听到还是会触心,1,2024-10-26 22:50:46,0.9152401400895095
无所谓无所不可谓,广东,我对你好不是因为你有多好而是我想让你觉得你很特别,0,2024-10-26 21:24:39,0.73932512390824
好吧喜欢你莎,北京,他好像真的不爱我了,0,2024-10-26 18:58:26,0.6039341545069679
梦屿千寻inl,北京,以前不明白这句话 现在懂了[多多大哭],1,2024-10-26 18:47:26,0.7761158603986746
三玖酱QAQ,广东,嗯,0,2024-10-26 18:08:47,0.5262327818078083
世界仅有个思,湖南,我刻意躲开幸福 但痛苦并没有消失,0,2024-10-26 17:38:59,0.9963979391610427
悦音猫九,浙江,好好生活 别想太多,0,2024-10-26 17:24:47,0.29290144318941624
是甜不是天啦,山西,我讨厌表面和我玩的好.然后背刺我的人.,0,2024-10-26 17:15:07,0.2078176701989003
-撑伞,湖北,我的青春很短暂  但我很幸运遇见你.,0,2024-10-26 14:57:39,0.9998619134120585
纯雨大王nb666,河南,“慢慢的忘记他。”,0,2024-10-26 12:28:04,0.9787348954340944
刘哈哈别哭哦,江西,祝幸福🥰,0,2024-10-26 11:18:05,0.982205374518383
刘哈哈别哭哦,江西,人无法同时拥有青春和对青春的感受,0,2024-10-26 11:17:50,0.9999855266195607
所有指责我都认,河南,好听爱听,0,2024-10-26 09:59:18,0.63428622559616
只图陪伴x,湖北,明明在学校很压抑 可笑得最多的还是在学校.,2,2024-10-26 08:46:31,0.9870573863304624
awww香菜,安徽,你写了成千上万条朋友圈 有些是写给特定的人看 但往往这个人看不到不会看也不想看 直到有一天 一个不相关的人突然跟你说你写的一切我都看完了 你今天吃的这个好吃吗 分享的这首歌很好听 我也很喜欢 你看 想和你制造羁绊的人 读的不是你某天心情 他想读懂的是你整个人生,1,2024-10-26 02:04:31,0.996220089252956
-撑伞,湖北,我不是对谁都好 仅你而已.,1,2024-10-25 21:34:57,0.5041408695745366
7_也是_妻,河南,终于明白朝花夕拾什么意思了，你一生追求的东西其实一开始就在，只是你后知后觉而已，人无法同时拥有青春和对于青春的感受，有些东西要靠消失才能证明它的珍贵。,1,2024-10-25 20:42:27,0.9999999981044734
混的楦,广东,也许我真的放不下你,0,2024-10-25 20:22:41,0.7358658148300795
混的楦,广东,这么久了我还是感觉你最好.,0,2024-10-25 20:21:50,0.7134140622883949
1-浔惗-,四川,"他根本不爱你了如果得不到不如试着放弃或者成全你不懂那么多人我唯独最舍不得你一直爱我吧像圆周率没有尽头""不要因为1%的落差而否认他99%的爱我始终觉得爱的最高境界是心疼你 变了好多.",0,2024-10-25 19:49:23,0.9968910073396091
1-浔惗-,四川,待我如初这四个字很难吗.比起倾诉自己的委屈和不甘我最不擅长的就是安慰和挽留所以别难过也千万别走我连你都留不住何说喜欢别活太复杂开心就笑累了就睡幸福就像一个无底洞永远也填不满又不是没有坏情绪只是不想说,0,2024-10-25 19:48:14,0.8447825930462521
1-浔惗-,四川,你是我亲自选的不幸福我也自认倒霉.讨厌模糊的世界更讨厌迷糊不清的关系那些没有结果的事最终都要放弃深情会要了我的命所以我选择薄情寡义我温暖了你的生活而你却让我一个人有些晚安只是礼貌有些晚安却是我爱你我过得很好但是我还是好想哭,0,2024-10-25 19:47:17,0.9999999610193646
1-浔惗-,四川,死后自会长眠咯或许遇到你是种错…杀我 请别用回忆杀别提以前我不记得不舍 但无缘.喜欢 但未必合适.浏览只是好奇他早就不喜欢你了.,0,2024-10-25 19:46:24,0.9970802173766952
无影萧萧落,北京,你见我的时候 我在想你 你不找我的时候我也一直在想你,0,2024-10-25 18:03:10,0.20902402287495203
懒兔子z,广东,你怕痛就永远得不到快乐了[多多捂脸],0,2024-10-25 15:26:04,0.7869666912292769
考试不上全班前三不改名,浙江,我也希望[多多难过],0,2024-10-25 15:18:28,0.8867293543841838
铁蛋leader,江西,哭错坟了,1,2024-10-25 15:12:46,0.6826118215279866
9-想喽,河北,你拉黑我的那天我在庆幸我有小号.,0,2024-10-25 14:42:06,0.997250968233315
北鼻北鼻木嘛,辽宁,能不能再翻唱几首颜人中啊！！！！好好听,2,2024-10-25 14:05:33,0.5039503473392951
小念放不下,河南,怎么不记得那些回忆 像刀一样刺向我.,1,2024-10-24 22:13:39,0.8729586493988397
双笙_love_YW3B,甘肃,从今天起好好学习，一定上岸,2,2024-10-24 21:22:37,0.642493527085416
LeoW17,四川,我希望见面的那一天赶快到来,2,2024-10-24 21:20:01,0.7043800013359122
互怼互撩,山东,幸福久久,0,2024-10-24 20:58:23,0.9009443517838003
灵风铁粉2,河北,少帅[流泪][流泪],1,2024-10-24 18:47:39,0.9211086220910454
许愿小冰,湖南,爱到最后只念当初.,1,2024-10-24 18:31:43,0.9735781670401344
许愿小冰,湖南,讨厌我 那我消失.,0,2024-10-24 18:31:05,0.5778589990455676
爱早已是梦想,河北,见过花开就好，又何必在意花为谁而开呢！,1,2024-10-24 18:27:31,0.1200568797310122
丿Ares丨荣耀,浙江,我也是一个人啊！要开心哦,0,2024-10-24 17:22:16,0.7600100391767811
玖玹_hmpu,福建,我以为真爱降临  原来是痛的开始,0,2024-10-24 17:09:01,0.9608074003124591
舞过瓶中雪,北京,可感情不能当饭吃啊[多多大哭],0,2024-10-24 16:29:14,0.8964487715706044
阔耐哒苏霜,北京,那就不见啦[多多可怜],1,2024-10-24 15:33:02,0.2778776116716922
一梦千朝的宅,北京,能说出这些话语的人一定是个很温柔善良的人,0,2024-10-24 15:06:20,0.9965823701972909
梦想pfu,北京,没有人可以拥抱你的难堪，只有你自己能治愈自己。你就是你自己的救赎，你就是自己的答案,0,2024-10-24 13:53:06,0.9981666691655979
微笑丶莞尔,广西,谢谢夸奖[狗头],0,2024-10-24 10:47:14,0.7056336680304403
微笑丶莞尔,广西,记得的。网易云有人上传有他的版本啊。只是名字不一样,1,2024-10-24 10:45:51,0.9010951389647467
兰斯洛特angel,北京,真好，要一直幸福啊,0,2024-10-24 10:22:26,0.9502577554997749
妄寒守,河北,今天也要开心啊,0,2024-10-24 07:09:46,0.7428571428571427
云村村民169224180800853,四川,人就是很奇怪，这明明是一开始的状态，不过是又重新回到这种状态而已，缺多了一丝寂寞和不习惯,0,2024-10-24 00:22:12,0.9133768477641069
果断痛失爱,福建,回忆里有我，只有我，也只剩我,2,2024-10-23 22:38:44,0.9299570673645451
在下l次雨,贵州,我很想见你 可是缺个身份 缺个理由.,0,2024-10-23 21:58:03,0.2271867541186492
在下l次雨,贵州,下次见会在星期几说谎的人有错一直原谅的人更有错.伤我心的话你说了一遍又一遍.你走了也好不然总担心你走.最近有点不顺利我也总是掉眼泪.是人都会变的 别再想着如初.,1,2024-10-23 21:56:57,0.8655056851430742
在下l次雨,贵州,你说爱易如反掌 我说幸福难如登天.我们之间一直没有扯平关于你爱占十分泪占七分初见心如水再见心如冰你不该对短暂出现的人执念太深你不愿续写，我不愿翻篇,1,2024-10-23 21:55:48,0.9994497045165932
在下l次雨,贵州,我懂悲伤是爱的代价我平静的接受我只想和你好希望你愿意爱意这么明显了 怎么做朋友.傻子这个称呼只有你能叫什么关系 谈什么话题 别越界.静静看着你俩互动你猜我有多痛,0,2024-10-23 21:54:47,0.9999941774549188
在下l次雨,贵州,破案了 他不喜欢我.我很想见你 可是缺个身份 缺个理由.因为我不幸福 所以频繁更新幸福必须要用眼泪铺路吗 哥哥.你的一句她好漂亮 自卑笼罩了我的14岁.为何幸福这条路如此坎坷.真正清醒的人 是不会反复选择一个人的.那一刻我的心酸和委屈全部都在泪里,0,2024-10-23 21:53:23,0.999999999963707
纯情涛涛酱,青海,我写的结束盛夏不,0,2024-10-23 21:48:09,0.5982792435833412
韩怡年,河南,这次和你必胜(>^ω^<)世界第二 你第一咯凸^-^凸想文案不如想你管它三七二十一 爱我你排第一(o^^o)吵一万次架 那就和好一万零一次咯,2,2024-10-23 21:47:27,0.12441139145646263
是甜不是天啦,山西,我什么也不图 我就图你能真心待我.,2,2024-10-23 21:39:47,0.7189221185419676
7clockgirls,山东,摔了那么多跤我想我这次应该是幸福的.,2,2024-10-23 19:12:58,0.9910817604377665
7clockgirls,山东,怎么甘心做朋友再看一眼还是想拥有.,4,2024-10-23 19:12:54,0.9072166813431436
7clockgirls,山东,全世界都在指责我谁来拥抱我的不堪.,0,2024-10-23 19:12:49,0.7463121820026775
7clockgirls,山东,你完全了解我的那一刻你开始厌恶我了.,0,2024-10-23 19:12:44,0.741240336570447
7clockgirls,山东,.相爱容易可是在我眼里却像一道难题..,0,2024-10-23 19:12:37,0.9936503331904885
7clockgirls,山东,你权衡利弊考虑了所有唯独没有考虑我.,0,2024-10-23 19:12:22,0.1978733715000881
7clockgirls,山东,曾经那个还在玩过家家的我们早已变了模样.,0,2024-10-23 19:11:55,0.8894653365124833
7clockgirls,山东,我会珍惜每个人但我不会挽留任何人.,0,2024-10-23 19:11:49,0.8593103428402474
7clockgirls,山东,早就发现你待我不如从前了我没说而已.,0,2024-10-23 19:11:43,0.198049494897936
7clockgirls,山东,恨不起来在无数个瞬间就慢慢原谅你了.,0,2024-10-23 19:11:10,0.9634112528300242
7clockgirls,山东,你拉黑我的那天我在庆幸我有小号.,0,2024-10-23 19:11:06,0.997250968233315
7clockgirls,山东,勉强多没意思不回就是了,0,2024-10-23 19:11:02,0.010286346011690317
7clockgirls,山东,你拉黑我的那天我在庆幸我有小号.,3,2024-10-23 19:10:55,0.997250968233315
7clockgirls,山东,我又能做错什么我也只是一个十几岁的小朋友.,0,2024-10-23 19:10:46,0.8230706308266235
7clockgirls,山东,全是自己想的没二改,0,2024-10-23 19:10:35,0.22798669433017626
7clockgirls,山东,我是你养出来的性子我的一切都和你相似.,1,2024-10-23 19:10:27,0.4534323878841009
7clockgirls,山东,没关系你不喜欢我我能理解毕竟我不漂亮,1,2024-10-23 19:10:21,0.9573462316395347
许愿小冰,湖南,缘起我只看得见你缘尽我永远看不见你可惜爱没有遮天树只有一物降一物.时代变了反倒揣着真诚的人掉眼泪.笔下画不完的圆心间填不满的缘.那些动心的话就烂在心底吧.你不懂我的经历你只知道我矫情.别再骗我啦我的心已经碎碎的了.有缘无份见面也只能擦肩而过.,0,2024-10-23 17:47:04,0.9999998377935907
许愿小冰,湖南,缘起我只看得见你缘尽我永远看不见你可惜爱没有遮天树只有一物降一物.时代变了反倒揣着真诚的人掉眼泪.笔下画不完的圆心间填不满的缘.那些动心的话就烂在心底吧.你不懂我的经历你只知道我矫情.别再骗我啦我的心已经碎碎的了.有缘无份见面也只能擦肩而过.,1,2024-10-23 17:45:45,0.9999998377935907
许愿小冰,湖南,缘起我只看得见你缘尽我永远看不见你可惜爱没有遮天树只有一物降一物.时代变了反倒揣着真诚的人掉眼泪.笔下画不完的圆心间填不满的缘.那些动心的话就烂在心底吧.你不懂我的经历你只知道我矫情.别再骗我啦我的心已经碎碎的了.有缘无份见面也只能擦肩而过.,0,2024-10-23 17:45:22,0.9999998377935907
许愿小冰,湖南,缘起我只看得见你缘尽我永远看不见你可惜爱没有遮天树只有一物降一物.时代变了反倒揣着真诚的人掉眼泪.笔下画不完的圆心间填不满的缘.那些动心的话就烂在心底吧.你不懂我的经历你只知道我矫情.别再骗我啦我的心已经碎碎的了.有缘无份见面也只能擦肩而过.,0,2024-10-23 17:45:15,0.9999998377935907
蓝心疼凋,广东,是啊！他一直都在我身边[多多大哭],0,2024-10-23 15:57:05,0.9569053033309334
W愛妳卟變W,浙江,可是我的青春不是在蝉鸣声中结束的啊[多多大哭],0,2024-10-23 14:51:31,0.9967344919262574
永不落幕的悲伤,北京,抱抱，别难过啦，乖乖[多多可怜],0,2024-10-23 13:11:57,0.6136217380874908
梦途爱情之旅-凡先生,广东,可是一碗粥放一夜也不会变馊啊……,0,2024-10-23 12:10:37,0.3359747040420382
一眼望穿你的虚伪sgr,北京,其实心里都清楚只是不愿承认罢了,0,2024-10-23 12:02:35,0.3068317294434836
阿宇abc,广东,我好像只听进去了前半句[惶恐],0,2024-10-23 11:41:58,0.10413664831170422
她真的喜欢过我呀_,安徽,试一试不会怀孕的,0,2024-10-23 11:17:17,0.8596339600459385
黑心迷宫企业,广东,WHYIPZN,0,2024-10-23 08:21:29,0.5
温清受,广东,今天生日 晚安,0,2024-10-23 03:23:33,0.7073971518578543
离砚清,湖南,晚安，安晚。,1,2024-10-23 03:16:29,0.7542098872770014
不是六月27,浙江,慢慢地习惯身边有你的温暖慢慢地喜欢简简单单的浪漫,0,2024-10-23 01:55:15,0.9998272104671119
月腍L,河北,祝幸福！,0,2024-10-22 22:57:45,0.9839510309814015
月腍L,河北,+1,0,2024-10-22 22:57:02,0.8
八个大枣儿,江苏,表白过后有可能连朋友都做不了，不如默默喜欢。毕竟太贪心会进黑名单的,0,2024-10-22 22:49:07,0.15193044318555382
纯情涛涛酱,青海,故事的开始，都是在蝉鸣声之中开始故事的结尾都是带着遗憾结束于盛夏,3,2024-10-22 22:14:43,0.9994165020448613
会议室前卫古典乐器,贵州,我一直爱着你,0,2024-10-22 21:29:25,0.7483050847457626
ID凌娢,江苏,爱情就像一道菜一旦隔夜就变质了.,1,2024-10-22 18:31:22,0.443941809982877
zy_Lib,浙江,分手了，我准备好的生日礼物没送出去，十月29号的机票也没意义了，你说不会再删我，喜欢的时候说的话只有在喜欢的时候做数，可在我睡醒的时候一切都被拉黑了仿佛消失了只留了你打不通的电话和我没来得及去的地址，算了就这样,0,2024-10-22 17:00:47,0.0053163699998172165
zy_Lib,浙江,谈恋爱有什么好，值得这么多人以身犯险，你断崖式的离开，短暂的亲密，我需要熬多少个夜才能缓过来，没边界感真的很令人讨厌，被欺骗也是，你隐藏在线跟别人打游戏真的不会想起来我吗，我问你你就生气说我不信你，已经第三次了，一次次忍让最后得到欺骗,0,2024-10-22 17:00:32,0.10662632256326354
兰斯洛特angel,北京,身边一直是同一个人才是最值得骄傲的事,0,2024-10-22 16:50:44,0.9945326116190256
一颗星星少女,江西,嗯知道了,0,2024-10-22 16:36:35,0.5262327818078083
一颗星星少女,江西,对啊[可爱],0,2024-10-22 16:31:04,0.8088888888888889
EIBK,河北,“老人说过，得到就要珍惜，错过就慢慢忘记，放得下就别去回忆”,0,2024-10-22 16:07:32,0.9998517286134362
冥王星mks,北京,但是要相信一切都会变好哒！[多多大笑],0,2024-10-22 15:15:06,0.926266022930729
养一只小猫叫无忧,吉林,当选择遇上心动就会无限破例,0,2024-10-22 14:51:25,0.9730490202655869
小莹-文案,广东,接下来就是 10.23霜降 11.7立冬 12.6大雪 12.27冬至 1.1元旦 1.29春节 谁会陪你过呐,0,2024-10-22 13:16:13,0.6628340571779564
钝剑有锋,北京,希望我早日走出自己的怪圈[多多大笑],0,2024-10-22 12:28:57,0.827464686159786
Afsiena,浙江,不会 但是我会恨我自己,0,2024-10-22 12:14:36,0.7925923696510674
呆呆的萝卜酱,浙江,在爱里找破绽 是走不远的,0,2024-10-22 12:12:32,0.31371245038699225
心为明镜吾为镜中人,浙江,如果只有痛苦，爱将变得毫无意义了[多多捂脸],2,2024-10-22 11:46:56,0.20303119908775202
宇智波辣鱼,广东,我们试试吧,0,2024-10-22 10:10:20,0.7525773195876289
ZZ__睡不着,四川,我也想娶你,0,2024-10-22 09:03:34,0.6171846650860824
泰爱夏天,山东,张学良活到了101岁，但少帅死在了他的35岁,1,2024-10-22 09:01:50,0.3138713823260254
--_佑_--,浙江,我会一直陪着你[多多大哭],0,2024-10-22 07:29:25,0.9547285115223255
-意沅,广西,看清那一刻 一文不值情话听听就好了 别太天真没有我 你依旧有人陪不是吗说太多不如沉默 想太多我也会难过我慢慢选择了闭嘴 不再倾诉幸福一分 痛苦就会加倍人是我自己选的 不幸福我也认了因为我最信任你 所以你总骗我,0,2024-10-22 01:35:21,0.9996166830515134
-意沅,广西,欺骗我那么多你真的问心无愧吗那些不作数的承诺我替你抹去你给我的痛太多了可我还是只记得你的好如果有一天我能幸福我就原谅这一切痛的从来不是我手上的疤而是我的心我的世界好小连你也讨厌我你不在的日子我的委屈讲给谁听,0,2024-10-22 01:32:37,0.9980407617399596
-意沅,广西,或许 失去比拥有更踏实你对我好的那段时间 我真的记了好久留不住的东西太多了 所以尽力就好了你的态度告诉我 我的存在分文不值某天 你也是轻描淡写的一页誓言夹杂着永远再听也会生锈当你学会珍惜时 或许我已经走远了我不需要千言万语 一份真诚就够了,0,2024-10-22 01:24:41,0.9992752594134301
偷喝汽水_-s,山西,露出点破绽吧 让我知道你在想我,1,2024-10-21 23:56:02,0.43343833821596867
小念放不下,河南,他幸福了  你会哭吗？,1,2024-10-21 22:18:02,0.9633872796734673
K-kkw,浙江,无法否认在某种时刻是真的很幸福,0,2024-10-21 22:07:17,0.9988424220644982
汶源休,新疆,回不了过去 改不了现实，却偏偏有一颗念旧的心,0,2024-10-21 21:02:23,0.1507662401655604
幸福路_1号,河南,嗨，从今天到11月9日，距离我的生日还有20天哦[憨笑],1,2024-10-21 19:37:51,0.0038273551318916965
爱她只是过去式,山东,爱的本质就是无尽的痛苦 唯一的解药就是对方的回应 以及同等的爱,3,2024-10-21 18:41:47,0.9989588248861901
瞭望星空lnc,浙江,不会 因为双向奔赴才有意义 单方面的喜欢只会让自己越来越累,0,2024-10-21 18:40:18,0.6033534127238154
窝是遇祎呀,江苏,没有过不去的经历 只有走不出的自己,0,2024-10-21 17:47:08,0.8673411985367325
风居住过的街l,浙江,可是你只爱我明媚的一面啊[流泪],0,2024-10-21 17:39:03,0.8765474568937871
有坂椎名,北京,在难过的时候 就听一些快乐的歌吧[多多大笑],0,2024-10-21 16:33:06,0.9951020173848357
哥的帅气你不知,浙江,你也不是我种的花草，凭啥要对你笑,0,2024-10-21 16:23:14,0.8849800119321826
ins音乐志,广东,他看起来也很痛苦 我就放过他了,0,2024-10-21 16:10:10,0.7809575822209472
娃娃和蛙蛙,浙江,把爱收进心里吧 你值得更好的,0,2024-10-21 15:44:09,0.6960821223417343
linzgl,浙江,希望你开心一点！要天天开心哦[多多大笑],0,2024-10-21 15:02:19,0.9885874822787509
墨卿柒月,北京,但若你问 我为何而来 那便是为你而来,0,2024-10-21 14:20:38,0.36265206036866815
風雨後虹Miko,北京,我猜你是在说“手铐”,0,2024-10-21 13:58:53,0.5451158245969108
韩怡年,河南,我就是没人爱的joker🤡,1,2024-10-21 13:00:16,0.6119115086085054
温暖UUU,浙江,我想你了,0,2024-10-21 05:03:53,0.5441789912779675
染丿奈落,黑龙江,要开心哦,0,2024-10-20 23:56:27,0.7428571428571427
芝士酱r,重庆,接下来就是 10.23 霜降搜  11.7立冬 12.6大雪 12.27冬至 1.1元旦 1.29春节 谁会陪你过呐,1,2024-10-20 23:47:17,0.5322275413666244
冷肆大王,广东,就差一点就相爱了 好可惜.,0,2024-10-20 21:30:18,0.3969449502095015
Xia_613,新疆,我尝试与你倾诉 却发现我孤身一人.,1,2024-10-20 21:05:12,0.9307931105594925
ks_雨别,河北,我需要一个永不变心的恋人 来接受我的孩子气.,1,2024-10-20 18:28:33,0.9812211890448448
-他说我好乖-,四川,人生会遇见3种人第一种:两人都很相爱 但却不能在一起 这叫遗憾.第二种:你喜欢他 他不喜欢你 这叫意难平.第三种:他喜欢你 你喜欢他 这叫生活.下一站 生活.挚爱 我好想你.错过就错过吧 向前走 不回头.别念旧 万一他在哪个地方诋毁你呢.在你不知道的地方 存在很多危险.宝宝 强扭的瓜不甜.,1,2024-10-20 17:26:53,0.9999982976135524
-他说我好乖-,四川,蒲公英一吹就散 那我们呢 我们会不会也这样.你说你爱我 那我问你 你知道我的喜好吗.人生下来不是受罪的.没有不会爱人 只有不想爱人.许放对林兮迟的偏爱和例外 惊艳了我好久.会幸福的 只是没遇见对的人.老天总让我们错过 可能是因为 后面有更好的人.,0,2024-10-20 17:22:14,0.9645543510852806
-他说我好乖-,四川,你眼光好差啊 居然看上了我.在你不相信我的那一刻 我就知道 我们不会长久.我们的关系为何如此淡.不知道从什么时候开始 我不执迷于你.世界没有恋爱脑和舔狗 只是因为太爱了.好喜欢你待我如初.待我长发及腰 我定嫁你为夫.我们都要好好的 我们还要见面 这是我们的约定.,0,2024-10-20 17:17:16,0.9995345140598667
-他说我好乖-,四川,你不爱就算了 别装作爱我.你知道吗 你的爱好廉价.我不值钱 你离我远点.喜欢我吗 不喜欢又为何靠近我.哥哥 你能不能回来.还记得吗 那年初夏是我们相遇的时候.又是一年春 你还在吗.我爱你啊 但别拿我的爱当笑话谈.一边说爱我 一边又和兄弟诋毁我 是吗.年少轻狂的喜欢 至今也在怀念.,1,2024-10-20 17:13:14,0.9997874560059857
-他说我好乖-,四川,我是什么很j的人吗 都不敢公开我.那时的你事事有回应.说真的 我们真的该和好了.他们都幸福了 你为什么还不找我.我们现在的关系算是暧昧对象吗.小乖 为何如此执着.你占满了我的青春 我忘不掉.在他们说你渣的时候 我拼命维护 你知道吗.我好难受 快回来吧.他们不爱我 你能不能不要离开.,0,2024-10-20 17:08:58,0.999570329650639
ks贝利亚大王,山西,见过花开就好 又何必在意花为谁开,2,2024-10-20 17:07:18,0.1200568797310122
-他说我好乖-,四川,爱我连同我的破碎吗.知道你不爱我 可我还是想拼一把.没有你在我好难熬.你回来好不好 我好想你.如果全世界都容不下你 那我用我的小世界来温暖你.你的心跟冰块一样.又是一年冬 可是是没你的冬天.没有你在 我有多难受.,0,2024-10-20 17:04:23,0.9998670182693135
薄荷音王子o,北京,你给我好好读书,0,2024-10-20 16:13:58,0.8625858274745941
天帝盟魔神帝麾,北京,即使无法阻止凋零，也要在枯萎之前绽放过,0,2024-10-20 16:09:02,0.9131310272284656
再虐我就桑心了,广西,幸福本不属于我 我何必强求呢.,0,2024-10-20 15:53:50,0.9303929698034552
蛋怡ovo,安徽,讨厌长大,1,2024-10-20 15:36:10,0.8148134761220276
蛋怡ovo,安徽,天天开心,0,2024-10-20 15:34:50,0.8834014393042217
小悠哥,山东,你好，再见！我叫小生,0,2024-10-20 15:27:07,0.6689777864938221
星球兴奋暗潮,广东,“同频的人像礼物 但爱你的人会为你调频.”,0,2024-10-20 14:31:10,0.9710910342756741
狂热血少年,北京,我选择追逐梦想，不再为了谁而停留。,0,2024-10-20 14:30:32,0.9965841897387892
落尘离宇,山东,想你了少帅,1,2024-10-20 14:19:12,0.5180297910986704
严小只_,湖北,[吐舌][呲牙][呲牙],0,2024-10-20 14:17:33,0.39649036561138595
严小只_,湖北,[色][吐舌][吐舌],0,2024-10-20 14:17:29,0.1831027742860435
严小只_,湖北,[大哭][大哭][大哭],0,2024-10-20 14:17:25,0.905623576489256
严小只_,湖北,[吐舌][撇嘴][撇嘴],0,2024-10-20 14:17:22,0.07851137911836703
严小只_,湖北,[发怒][发怒][发怒],0,2024-10-20 14:17:17,0.009453081193363189
严小只_,湖北,[亲][亲][亲],0,2024-10-20 14:17:14,0.9164221549977228
严小只_,湖北,[惊恐][惊恐][惊恐],0,2024-10-20 14:17:12,0.39649036561138595
严小只_,湖北,[蛋糕][蛋糕][蛋糕],0,2024-10-20 14:15:24,0.9930024159640677
严小只_,湖北,[圈][圈][圈],0,2024-10-20 14:15:19,0.14996506837439905
严小只_,湖北,[圈][圈][圈],0,2024-10-20 14:15:16,0.14996506837439905
严小只_,湖北,[圈][圈][圈],0,2024-10-20 14:15:11,0.14996506837439905
严小只_,湖北,[圈][圈][圈],0,2024-10-20 14:15:05,0.14996506837439905
严小只_,湖北,[外星][外星][外星],0,2024-10-20 14:14:59,0.06920943708604954
严小只_,湖北,[生气][生气][生气],0,2024-10-20 14:14:54,0.07588960619421703
严小只_,湖北,[怒][撇嘴][撇嘴],0,2024-10-20 14:14:46,0.045615254068941624
严小只_,湖北,[惊恐][惊恐][惊恐],0,2024-10-20 14:14:34,0.39649036561138595
严小只_,湖北,[怒][怒][怒],0,2024-10-20 14:14:24,0.10392600714310374
严小只_,湖北,[大笑][大笑][大笑],0,2024-10-20 14:14:20,0.8588415916781016
严小只_,湖北,我是人机,0,2024-10-20 14:14:14,0.5
严小只_,湖北,更丰富的是什么时候回来呢，我们的生活方式是什么时候回来呢，,0,2024-10-20 14:13:48,0.8939044702465914
严小只_,湖北,手套约有黑脚🏠今🈴️呼呼接窥筽、我们的,0,2024-10-20 14:12:50,0.7298942685582357
严小只_,湖北,阿斯顿法国红酒快乐哈嘎有特权的害单号动🈴️哇,0,2024-10-20 14:12:17,0.9493502210249758
严小只_,湖北,啊人都充分发挥有多高怪声怪气全日制个人的田野蛋糕狗仔了[狗]……我们的一生总是那么的美好回忆了我们自己去面对生活状态和好野？和j开卷有益一样大悅g待遇姓名： 徐慕颜日期：10.1作业已 全部完成：✅ 状态:积极主动打分：6（10分满分）据给她土蜂与tv一下特瓦噢g t te wiu d y y q yu,0,2024-10-20 14:10:55,0.9999980916745748
严小只_,湖北,我们的生活方式是什么时候回来呢，我们的生活方式就是说我的生活状态不佳。我们都在一起吧嘻嘻[呲牙]！我们都在等着看看去的时候我们都已经看到了哟！我们都已经看到了吗这么火爆真的好喜欢这个节目真的是太好笑一笑啦！我们一起努力奋斗了一生中最重要最喜欢[亲亲]！我们自己在这里度过这几次了！我们,0,2024-10-20 14:10:03,0.9999996573643314
严小只_,湖北,今天我生日[蛋糕]……你们可以回评论吗？  （[女孩][开心][大笑][可爱][憨笑][呲牙]）,0,2024-10-20 14:06:29,0.9783466919587789
Gsco__天,浙江,没回消息就是答案 不回消息就是最好的回答,0,2024-10-20 14:06:09,0.030426183500435466
严小只_,湖北,哈哈哈哈哈哈哈哈哈哈哈哈哈哈哈哈哈哈哈哈哈哈哈哈哈哈哈哈哈哈哈哈哈哈哈哈哈哈哈哈哈哈哈哈哈哈哈哈哈哈哈哈哈哈哈哈哈哈哈哈哈哈哈哈哈哈哈哈哈哈哈哈哈哈哈哈哈哈哈哈哈哈哈哈哈哈哈哈哈哈哈哈哈哈哈哈哈哈哈哈哈哈哈哈哈哈哈哈哈哈哈哈哈哈哈哈哈哈哈哈哈哈哈哈哈哈哈哈哈哈哈哈哈哈哈哈哈h h,0,2024-10-20 14:00:54,1.0
严小只_,湖北,你们的评论呢？,0,2024-10-20 13:59:31,0.3913043478260875
严小只_,湖北,我们一起努力吧！,0,2024-10-20 13:58:31,0.6349206349206349
严小只_,湖北,这种感觉真的是太好了！,0,2024-10-20 13:58:16,0.499946894191601
很皮很皮的云公子,广东,我也有点慢热 但其实我只是害怕失去而已,0,2024-10-20 13:48:36,0.048532498768102506
舒希杨,黑龙江,不用在意别人，更不用自卑，为自己而活，自己成为自己的太阳。,0,2024-10-20 13:48:24,0.9788862696235008
舒希杨,黑龙江,那咋了，做好自己就好，不用管别人，相信自己是好的。[多多调皮],1,2024-10-20 13:46:47,0.9784671613864572
如此灭绝人性,北京,有钱就什么都有了[多多耍酷],0,2024-10-20 13:31:54,0.6010530903685806
洛晓林,福建,希望你爱我的明媚也爱我的破碎,0,2024-10-20 13:21:44,0.945796686947972
釁優餘尒腎補鏃,北京,承诺只有听的人才记得,0,2024-10-20 13:14:21,0.7246088839284881
z懒洋洋大王_l,广东,当然！全世界最好的颜人中,1,2024-10-20 13:14:15,0.8505287603491674
腐之少女,浙江,我也很喜欢听你说的晚安！,0,2024-10-20 13:07:54,0.8428272624412662
血血食黑葬,北京,可喜欢你的人也会藏不住啊[多多捂脸],2,2024-10-20 13:05:33,0.06972088051021863
来啦乖乖,浙江,说到心里了,0,2024-10-20 13:01:17,0.39041446358519516
小凯hts,浙江,所爱的人亦是所恨之人,0,2024-10-20 12:40:36,0.9436220111328262
醉看夜星辰,河北,对你也是对我自己说，好好生活……,1,2024-10-20 12:33:00,0.8427187587443309
秋劫时雨,浙江,他说相逢必有期 但是我等不到,0,2024-10-20 12:07:36,0.36511935926743067
用户1441192427,广东,你一定能找到真正属于自己的那束光,0,2024-10-20 11:56:37,0.375271049533636
许愿小冰,湖南,号封了那么久 你们有注意到我嘛……,1,2024-10-20 11:27:43,0.2390640239508599
芝士酱r,重庆,到底是疑心太重 还是身边无人真诚,1,2024-10-20 10:55:38,0.4348076481100468
宇智波星野,上海,好听,0,2024-10-20 10:25:04,0.33333333333333337
熙可饱了,宁夏,你看起来很幸福 所以我妥协了,1,2024-10-20 10:18:51,0.9939425602380031
朔緯啧啧啧,浙江,等住,0,2024-10-20 09:56:12,0.39610256410256395
小浩_998,四川,今日话题: 暗恋会有结果吗？,2,2024-10-20 09:52:56,0.9636401026073632
阿库娅她不傻,江苏,张学良将军千古，新中国开过将军万岁,1,2024-10-20 09:22:01,0.719554468460615
白rap的线上女友,山东,➕1,0,2024-10-20 09:01:29,0.5
ID阿莹,重庆,我们早就有隔阂了 从你隐藏关系找别的女的那一刻起.,0,2024-10-20 08:30:53,0.9266255981239069
ID凌娢,江苏,哪有什么承诺都只是骗子惯用手法.,1,2024-10-20 08:23:26,0.058928198462630865
ID凌娢,江苏,你不是我的花匠 我凭什么把我交给你.,0,2024-10-20 08:20:32,0.2892486943668534
许羲然,云南,就算让我再讲一万遍 我还是𝙓𝙞 𝙒𝙖𝙣𝙜 𝙕𝙖𝙞 𝙒𝙤 𝙎𝙝𝙚𝙣 𝘽𝙞𝙖𝙣 𝘿𝙚 𝙎𝙝𝙞 𝙉𝙞,0,2024-10-20 07:14:50,0.5553834205548361
芸24uni,广东,“心是伤不完的 人不能只靠回忆活着”“千万人中 万幸与你相逢”“怎么形容以前的我们和现在的你们”“什么都不期待 只期待自己越来越好”“没有人告诉我我的开心比对错更重要”,0,2024-10-20 06:57:38,0.999793166749255
芸24uni,广东,“顺其自然吗可自然就没顺过我的意”“各有各的路要走 我不会说谁半路离我远 我只希望自己开心”“爱错了就回头吧 趁天还没黑你还记得路”“改不了熬夜的习惯也忘不了那段回忆”“含糊不清的关系也能让我彻夜难眠”,0,2024-10-20 06:55:16,0.9999610334563878
失望顶级木管乐,重庆,少帅,0,2024-10-20 01:53:55,0.5
姑娘请用茶,广东,今天说的最假的一句话“是”，却忘了其实我也是一个慢热的人呀,0,2024-10-19 23:42:30,0.17230057329334103
風有多溫柔D,广西,那天后我渐渐平静下来我在想既然不能再与你同行了那些承诺就抹去吧我还是希望你越来越好至少离开我你是解脱的 我也突然明白了什么叫不合适 爱意太满确实会把人吓跑但遗憾的不该是我 挫折太多慢慢磨平所有的爱很多时候我也渐渐相信爱情的发生是需要机缘的我不后悔认识你毕竟有一段时间你是真爱我,2,2024-10-19 23:36:35,0.999966444210725
-季忧,广西,哪有什么承诺都只是骗子惯用手法.心疼我的人我便万般珍惜.一路那么坎坷我不该幸福吗.泪水打湿我眼眶我们也无法再回从前.原来被爱是连表情包都会回复.模糊的记忆却是我永远忘不掉的.我也常常怀疑是不是我不够好.没有靠山所以脆弱的一面只留给自己.,0,2024-10-19 22:49:52,0.9990163178756207
白肯尼尼,江苏,等一个[多多大笑],0,2024-10-19 22:47:29,0.8313968698702506
拉丝斗魂,山东,1.长得丑2.情商低3.朋友少4.没钱5.圈子少6.自卑7.被别人歧视8.社恐9.表白被拒绝10.学习差11.社交能力低根据我的实际情况是写的，点个心心，以后家人平安健康[亲亲],1,2024-10-19 22:37:20,0.00031225570951765036
就让错,江西,初二[流泪],0,2024-10-19 22:29:38,0.9618442821679855
初冬季n,河南,缘分本就稀薄寡淡  相识一场何谈珍惜.,0,2024-10-19 21:23:13,0.9823484941965365
初冬季n,河南,幸福就像雨水打不到的每片叶子,1,2024-10-19 21:14:48,0.9619349852560074
简祎桉_,重庆,一张正主照片音乐:无情画文案:你说相逢必有时 可我觉得枯木难逢春,1,2024-10-19 20:43:40,0.9905419367806698
星球兴奋暗潮,广东,要开心哦,0,2024-10-19 20:27:22,0.7428571428571427
Honored-,河北,99,0,2024-10-19 19:44:12,0.4545454545454545
难相逢是常态__,河南,不一定要漂亮但一定要快乐,0,2024-10-19 19:32:31,0.987552915339327
故事终为遗憾,四川,你将我拉出黑名单时我真的绷不住了,0,2024-10-19 18:36:51,0.14230617389484357
呓冉颖,安徽,路过的拿杨颖文案砸死我,0,2024-10-19 17:30:07,0.46850846268940083
_uzgj,广东,想要100个赞的勋章[多多大哭][多多难过],0,2024-10-19 17:10:35,0.9969783311502578
梧桐-Oo,新疆,小乖们 退圈咯 这次退了就不回来啦.,1,2024-10-19 16:54:05,0.0736375465707132
Hadint_故殇,浙江,我很喜欢枫叶🍁可惜枫叶红时总多离别,1,2024-10-19 16:47:44,0.8839665289678238
默默-看-装X,广东,可是啊 不是只有她才有资格成为他的白月光呀 我也有我的执念 我们都有执念,0,2024-10-19 15:56:56,0.2628591784289074
记住笙笙-,湖北,我试图与你共情 却发现我们从未同频,0,2024-10-19 15:50:22,0.5550820745701954
偏青的柠檬,浙江,可是我说了那么多，你却只关心你在意的那一句,0,2024-10-19 15:42:53,0.7587236902463336
-撑伞,湖北,看到已读不回的消息我再也无话可说.,1,2024-10-19 15:28:47,0.05578738835262176
我们会适时相逢,安徽,喜欢简单的事干净的东西和清楚的感觉,0,2024-10-19 15:28:06,0.8376318025830886
小满不乖ian,甘肃,什么是避风港，钞票才是梦想,0,2024-10-19 15:19:32,0.5523870236114876
syrene723,江苏,😉+❤️=😘,0,2024-10-19 15:14:10,0.5
-a零忆-,河南,骗你的其实我也最擅长冷暴力只是舍不得对你.回忆这把生锈的刀 永远磨不平.我最大的失败就是遇见你.你权衡利弊考虑所有唯独没有考虑我.对你展露过的真心成为刺痛我的理由.和好如初太难幸福这条路我选择独行.,0,2024-10-19 14:50:43,0.8456364729275954
-a零忆-,河南,片刻的幸福需要永远的痛来尝还.当情绪到达极点沉默才是最好的选择.那些破烂不堪的誓言替你抹去从此的陌路.我总是嘴硬可我没有说想失去你啊.相遇是注定眼泪是教训.熬不完的夜只记得开始只是为了陪你.,0,2024-10-19 14:49:03,0.9999444463206617
-a零忆-,河南,你的离开成了压死我的最后一根稻草.情绪上头的时候除了崩溃还是崩溃.爱的第一页陪伴 爱的最后一页诋毁.其实每次擦肩而过 我都会悄悄回过头.我宁愿一身烟味也不愿意满眼泪水.曾经许下的誓言终究成了记忆中的谎言.,0,2024-10-19 14:48:00,0.9999422916165279
-a零忆-,河南,伤口在自己身上你又怎么会知道我的痛.你忽明忽暗的情绪让我很累.让我哭的不是文案是那段经历.片刻的幸福让我窒息.誓言再好承诺再多也抵不过永远的陪伴.心软买教训.,0,2024-10-19 14:46:52,0.9999978554496304
-a零忆-,河南,一边说释怀一边又掉眼泪真奇怪.痛到窒息凌晨的夜属于眼泪.恨你为什么看不到我的情绪.我痛所有委屈我都咽在心里只字不提.时间是回忆的刀时间越长刀疤越深.誓言都会作假唯有眼泪不会说谎.,0,2024-10-19 14:45:29,0.9995153568782265
-a零忆-,河南,你总伪装自己不痛你总笑着逞强.所有痛和累一笔勾销你不珍惜我自认倒霉.嘴硬的惩罚是永远痛失的爱.听歌沉默是我逃避今天不开心的方法.如果情绪有天气那我愿意一直呆在雨天.泪失禁我致命的弱点.,0,2024-10-19 14:44:13,0.9999993149400953
-a零忆-,河南,倒数日我没删 你的账号我反复看.誓言成冰你我无缘.我想有一瓶药能止住我所有的痛苦.无法共鸣那我就独自承受悲痛.难过的不是离别而是冰冷的回忆.或许是眼泪让我看清了我们的距离.,0,2024-10-19 14:42:56,0.9999523252387669
傲娇的怪怪,广东,明天就忘记你 每天的明天,0,2024-10-19 14:02:14,0.23466064645674567
秋劫时雨,浙江,我什么身份都没有[流泪]但是还是好想他啊,0,2024-10-19 13:33:57,0.752077357979874
自由_L3ce,四川,有我喜欢你就够了,0,2024-10-19 12:54:52,0.8243601245904825
染恋701,广东,我们曾彻夜长谈 如今却没机会互道晚安.,0,2024-10-19 12:39:40,0.9784465828532889
Ay谢浔,四川,相遇是注定  眼泪是教训,0,2024-10-19 12:39:35,0.9930818840633596
残羽cpm,浙江,可是你的脸总是出现在我的梦里 我想我是真的放不下你吧,1,2024-10-19 11:58:00,0.9084468068434635
禾墨_hg,四川,父母的哪句话让你瞬间安静.,0,2024-10-19 11:44:42,0.9946985314803988
熠云笙,河南,你的圈子变大了朋友变多了 已经不缺我了.,0,2024-10-19 11:41:01,0.2738745236753327
请汤圆上场,浙江,你也在听歌啊！好巧！今天开心吗？,10,2024-10-19 11:08:00,0.9406417289284467
信仰_IXKX,河北,旧事重提，朝花夕拾,0,2024-10-19 10:35:29,0.824364865986443
小怡-破碎,广东,喜欢一个人 是藏不住的.,1,2024-10-19 10:19:25,0.6413510575913994
ki呆呆-,江西,人都会变的 我现在不盼任何人待我如初,1,2024-10-19 10:05:20,0.6194270291957611
DY_惜命,河北,后来你的语音成了我最痛的纪念品.,2,2024-10-19 10:03:04,0.6220489880706838
周八见面-kkin,河北,路很长开心就好.把烦心事丢掉腾出地方装鲜花.平安健康就好其他都是锦上添花.他丢弃的栀子花 是我周旋好久的盛夏.我不能选择那最好的 是那最好的选择我.你微微笑着 却不同我说什么.你说我们永远都不会分开的  对吗.没有那么多情话对你说 只想和你慢慢来.,0,2024-10-19 09:46:09,0.9998933312836334
周八见面-kkin,河北,你所爱之人亦是我所爱之人.爱与不爱到了最后你也会丢弃.愿来那天你接受了她却忘了我.我们本就不是一路人为何还要相遇.后来我选择了自由 有些事也不再强求.能遇见是福气.继续生长吧 像树一样.听听心注重自己的感受.,0,2024-10-19 09:44:11,0.9999997894388545
周八见面-kkin,河北,差点忘了 漂亮才是被爱的入场券.思念之手在于心 深爱之人在梦里.我试图与你共情 可你身边好多人.世界上有两个我乐观又悲观安静又喧哗.心动是本能 但心定才是选择.我太迷惑结局 所以爱总会变.我假装无所谓 可无数瞬间都在刺痛我.你所爱之人亦是我所爱之人.,0,2024-10-19 09:42:56,0.9999999999928921
祈瑜听,贵州,你所爱之人亦是我所爱之人爱与不爱到了最后你也会丢弃愿来那天你接受了她却忘了我我们本就不是一路人为何还要相遇,0,2024-10-19 09:40:16,0.8470155357452278
祈瑜听,贵州,你所爱之人亦是我所爱之人,0,2024-10-19 09:33:59,0.514716255061076
芝士酱r,重庆,后来我选择了自由 有些事也不再强求,0,2024-10-19 08:57:44,0.9883080421559348
AA7774,河南,被丢下太多次 我在想 是不是真的是我自己的问题.,1,2024-10-19 08:35:51,0.19460065937798032
一梦浮生花再开,江苏,相信我,0,2024-10-19 08:24:39,0.5262327818078083
懒洋小欣,广东,能遇见是福气世界上有两个我乐观又悲观安静又喧哗继续生长吧 像树一样听听心注重自己的感受路很长开心就好,1,2024-10-19 07:59:07,0.9999999406475082
呆总_YFJ,云南,不承认不代表我不知道  我不是恋爱脑也不是他所喜欢的人,0,2024-10-19 04:43:21,0.5764763696720778
ID难忘事,河南,你很忙吗 那我们以后都不要说话了,0,2024-10-19 01:45:45,0.5283671694169167
早睡小孩儿,广西,爱我的人不多,1,2024-10-19 00:35:12,0.651941761342952
嘣嘣锵i,河南,一直做朋友吧，包长久的,0,2024-10-19 00:26:38,0.7729771212022871
ID依晨,河南,你这场雨我没法躲避 伞我让你 以表诚意.,0,2024-10-19 00:13:08,0.07291817109545973
借晚风叙旧_KLsT,河北,➕1,0,2024-10-19 00:06:36,0.5
我会学会做,江苏,相信我,0,2024-10-18 23:15:54,0.5262327818078083
7147_,河南,天天开心,0,2024-10-18 22:11:40,0.8834014393042217
悲伤小菜997,河南,否极泰来，物极必反，该转运啦～,1,2024-10-18 21:31:51,0.1405030949125068
玲酸奶,广东,“没有身份，连吃醋都要把握好分寸。”,1,2024-10-18 21:13:00,0.9470893058452966
槐玲晚,广东,把烦心事丢掉腾出地方装鲜花.,0,2024-10-18 19:46:55,0.8766952484609617
槐玲晚,广东,平安健康就好其他都是锦上添花.,0,2024-10-18 19:46:43,0.8943717472019734
槐玲晚,广东,我一文不值又黄金般的三年.,0,2024-10-18 19:46:22,0.3176944830999887
槐玲晚,广东,远离让我不快乐的一切.,0,2024-10-18 19:46:00,0.8835081261348725
槐玲晚,广东,一条路走到黑无味无味也无畏适当服软合理装傻永远清醒.,0,2024-10-18 19:45:42,0.9818120243190323
槐玲晚,广东,成为自己而不是别人的附属品.,0,2024-10-18 19:45:02,0.34649965503884306
槐玲晚,广东,骰子没有第七面我们也不会再见面好与坏我都坦然接受我依旧向阳而开.,0,2024-10-18 19:44:44,0.1563560330622813
槐玲晚,广东,事事不如意那就随缘前行.,0,2024-10-18 19:44:13,0.14317676999354234
一颗星星少女,江西,有人爱你,2,2024-10-18 19:26:45,0.7689966280159897
一颗星星少女,江西,希望你也好好爱自己😊,1,2024-10-18 19:18:41,0.5107125457824768
一颗星星少女,江西,是的😊,0,2024-10-18 19:17:44,0.5
Aeuity,安徽,“他丢弃的栀子花.是我周旋好久的盛夏”,2,2024-10-18 17:04:27,0.706907468826364
小静学长ovo,四川,爱情需谨慎,0,2024-10-18 16:18:56,0.8081032838929334
白目one,浙江,这是我们的歌[多多大哭],0,2024-10-18 14:35:54,0.9282308458283398
岁月如故210327,山东,少帅落幕曲,1,2024-10-18 14:28:59,0.4960253045369133
黑暗小骚年,浙江,好家伙笑死我了哈哈哈！,0,2024-10-18 14:18:48,0.898655243350522
喜欢吃炸鸡的二染,浙江,我就是要做我自己[多多耍酷],0,2024-10-18 14:09:15,0.834086830074482
ID许憶_x,贵州,我不能选择那最好的，是那最好的选择我,1,2024-10-18 14:05:01,0.8335527342864001
ID许憶_x,贵州,你微微笑着，却不同我说什么,1,2024-10-18 14:04:03,0.8186007124393266
我想抓那天上的月亮,北京,不要质疑他爱不爱你 要相信你自己,0,2024-10-18 13:59:26,0.5314001546303968
心总情绪万千,河南,世界和平,1,2024-10-18 12:55:27,0.9750639927823019
皮比龟,江苏,可能现在，你们那一块还叫伪满吧,0,2024-10-17 23:56:02,0.32132299857168944
oo慢热,河南,难养的花 也会遇到最好的花匠,1,2024-10-17 22:41:00,0.6280193678911267
oo慢热,河南,婚姻法则第7条：禁止娶抑郁症患者为妻.,0,2024-10-17 22:40:44,0.9502222042944779
oo慢热,河南,别傻了 他说喜欢你 又没说只喜欢你.,0,2024-10-17 22:40:21,0.278278450020501
难熬滴夜,湖南,你说我们永远都不会分开的  对吗,0,2024-10-17 21:48:47,0.2553594431579699
蓝铯峢痕灬zhang,安徽,😭🙉,0,2024-10-17 21:48:06,0.5
蓝铯峢痕灬zhang,安徽,没事的。,0,2024-10-17 21:47:36,0.46153846153846145
难熬滴夜,湖南,你真的爱我吗,0,2024-10-17 21:47:29,0.807919926773938
小猫芝心包,宁夏,"🌻HELLO 10月 🦋✨愿我爱的和爱我的人都被世界温柔以待🍃新的一个月，新的开始，一切都会好起来 💫",0,2024-10-17 21:22:04,0.9852256055818782
赵叶思_Lz5g,安徽,换个名字重新认识一下我Hello我叫赵叶思对不起   树叶这个名字我没有带火,0,2024-10-17 21:18:05,0.6744529325584033
福西西Nik,河北,在等一批2024年10月听歌的宝子们,1,2024-10-17 20:27:51,0.35901165081633224
77好睏,福建,漂亮也没有用,0,2024-10-17 20:26:38,0.8996655518394647
处之-,湖南,加一,0,2024-10-17 19:12:40,0.483455882352941
塔尔寺言行得当茶点,湖南,不漂亮又怎么样 我的青春不该被定义.,3,2024-10-17 18:55:04,0.9932301213190579
BadBoyjfy,广东,我宁愿慢点也不愿意错过你,1,2024-10-17 16:44:49,0.451728882981867
热血凝霜了呀,吉林,好听,1,2024-10-17 13:35:23,0.33333333333333337
限唱,天津,没有那么多情话对你说 只想和你慢慢来,1,2024-10-17 13:09:35,0.506778937430008
言一圈,广东,因为相同的频率……所以没法抗拒彼此吸引力,0,2024-10-17 12:50:56,0.3770912457813036
放纵_rrC9,广东,那天晚上你把我按在墙上 耳边传来的喘息声 听着你不断的说着爱我 慢慢卸下的防备换来的却是你肉体上的兴奋...,2,2024-10-17 12:44:08,0.053157432376018554
祁栀-文案,山东,比起血缘关系。我更希望朋友是我唯一避风港,0,2024-10-17 12:13:56,0.9386580393956151
梧桐尽落,江苏,谁给我点赞谁给我开黑胶,2,2024-10-17 05:15:18,0.5800566544444796
凛y冬,重庆,a小99,0,2024-10-16 23:09:41,0.3125926040944136
懒洋123,安徽,+1,0,2024-10-16 21:45:32,0.8
凌越ly,浙江,抓到你啦⁽⁽٩(´͈ᗨ`͈)۶⁾⁾,0,2024-10-16 20:51:37,0.4461464103551609
T难-遇,河南,加油  大胆表白,0,2024-10-16 19:29:18,0.9396473000469783
WHYWEGO,湖北,从此在无少帅  只有张学良,1,2024-10-16 17:19:59,0.9710959311922586
困住我的总是回忆,四川,你之前说的那些誓言我就当没听过,1,2024-10-16 16:43:29,0.16105913491152357
夏洛瓦塔西哒油,浙江,恭喜呀！要幸福下去哦,0,2024-10-16 16:20:43,0.9672773159223896
a不如不见面-,北京,慢慢是一个很好的词 慢慢遇见 慢慢成长 慢慢喜欢 慢慢温柔 所以我们要一起慢慢来 慢慢看世界 慢慢变老,2,2024-10-16 16:20:15,0.999999999961368
王也rth,北京,是啊 我还记得那时候我坐在窗边 在等他的出现 他走过来的时候感觉空气都是甜的[多多大笑],0,2024-10-16 11:29:02,0.9983318165206031
流亦追梦,浙江,我以为你说的永远就是永远了[多多大哭],0,2024-10-16 11:24:04,0.9253514541766791
小熊不在k,湖北,活动还有吗,0,2024-10-16 08:01:00,0.6291390728476822
玲玲的网易云-,广东,哈哈哈哈哈哈我也是从少帅过来,0,2024-10-16 02:09:59,0.9724571802078488
江湖倦客1906,陕西,好好好 又幸福了牢底,0,2024-10-16 01:28:36,0.9524786760416957
歪梨小泽,湖北,我在等2024年十月份听的那批人,1,2024-10-16 00:24:29,0.5003048757028816
emo纸条,山西,永远忘不了课间十分钟拉着朋友去找你的画面 ．,0,2024-10-15 21:23:15,0.3543555088681667
emo纸条,山西,我反复回忆曾经的美好画面 但我却忘了人都是会变的.,0,2024-10-15 21:21:51,0.9955952472363028
悄悄是-别离的笙箫,山东,经典倒装句,0,2024-10-15 20:25:42,0.7484045977149069
ID季少,重庆,别傻了 他说喜欢你 又没说只喜欢你.,0,2024-10-15 20:16:53,0.278278450020501
动态小面包,河北,哈，他不值得，安心做你自己才是最好的，加油[大笑],0,2024-10-15 20:12:50,0.9837242716970008
_少说不算数的话,湖南,我还以为我们能走到最后.,1,2024-10-15 19:16:36,0.6293604162579277
不准时睡觉,福建,恭喜呀,0,2024-10-15 17:23:11,0.7499999999999999
iii6L,广西,[亲亲],0,2024-10-15 16:00:34,0.5
oapySweet,浙江,我拍的照片都是我的小世界里的光啊[多多大哭],1,2024-10-15 15:26:38,0.9686518547451377
dxb斌子,四川,我破防了,0,2024-10-15 14:53:21,0.4102682218224891
汣說_,新疆,今日话题：你还爱他吗,2,2024-10-15 14:15:48,0.9744287663089093
抹茶星冰乐加奶盖,浙江,我也要和最爱的人订婚了🥰🥰,2,2024-10-15 13:44:11,0.9775653214472728
春宵一刻直不甩,广东,这首歌真的很好听[多多大哭]好喜欢这样的音乐风格！,1,2024-10-15 12:52:46,0.9965029813334252
为爱背叛之人,浙江,我永远会是我自己 不是谁的女朋友,0,2024-10-15 12:23:07,0.7156806784315557
xiciyi辞逸,广西,如果我的缺点很多 你们还会喜欢我嘛.,1,2024-10-15 10:18:02,0.847506394807242
-枯木可逢春,河北,我和他真的没什么，哈哈哈,0,2024-10-15 07:24:12,0.8379600243828097
各种人,上海,+1,2,2024-10-15 06:36:27,0.8
不客气yxp,浙江,可是他还是义无反顾的选择去保护她[多多大哭],0,2024-10-15 04:12:34,0.9831585073462826
不Oo先生,广东,我梦见他时 他正在爱别人,0,2024-10-15 03:45:28,0.690010612735061
蹒跚的猪猪,浙江,我看着听着也忍不住流泪了[多多大哭],0,2024-10-15 03:43:39,0.9784731380712138
無飾的殤,北京,我一直在想 为什么他那么轻易就放弃了我 我一直认为自己是特别的,0,2024-10-15 02:47:23,0.7978387581246605
gusbbs,浙江,其实你心里已经有答案了不是吗？只不过你不愿意承认罢了[多多笑哭],0,2024-10-15 02:37:22,0.8845950379246117
污妖游侠,浙江,风会吹遍每个角落 我也会去到有你的地方,0,2024-10-15 02:31:35,0.2511479845841823
梦窗禅师,北京,今天也是被幸福围绕的一天,0,2024-10-15 01:56:44,0.9066801383515524
一只奇怪的狐狸,浙江,因为长大后你发现除了父母没人再爱你了[多多大哭],0,2024-10-15 01:25:20,0.984120959746543
卐把你虚空給我,北京,或许你只是困住了自己三年而已[憨笑],2,2024-10-15 01:11:47,0.8612832430749304
齐念渝,河南,成为生活中的阳光,0,2024-10-15 00:44:32,0.9700831297625321
球形的幽灵,浙江,谢谢！我本来就是一个很酷的女孩子,1,2024-10-15 00:39:27,0.8247959481219624
pinkletter,安徽,张学良保姆说他晚年常常哭，他说他想他的父亲，想回东北看看,1,2024-10-15 00:32:52,0.915957282856438
pinkletter,安徽,智者不入爱河 台湾属于中国,0,2024-10-15 00:32:44,0.9981346376864172
hhhznbder,广东,因为你觉得他很好 值得你喜欢,0,2024-10-14 23:54:59,0.953093391289379
假意wym,浙江,我也是短暂的 所以珍惜每一个当下吧,0,2024-10-14 23:44:00,0.9772007788484001
用户1441068391,北京,可是那些承诺只在相爱的时候作数,0,2024-10-14 23:25:56,0.8320462287470706
木木木开,广东,抱抱宝贝！生活总归还是要继续往前看的哦～,0,2024-10-14 23:16:03,0.9881480625897262
全球音乐会客厅,浙江,我们班同学都以为我俩是情侣[流感],0,2024-10-14 23:01:59,0.9762644101981912
天知道小白鼠,浙江,可我还是觉得他们好陌生啊[多多大哭],0,2024-10-14 23:00:23,0.9386426708357724
彤欣瑶_,广东,为什么会有容貌焦虑呢  长得不好看也有可能是一种安全感,1,2024-10-14 20:36:39,0.884720340435339
不处哈z,福建,"在你心里的我 是什么样的""",0,2024-10-14 20:06:29,0.5262327818078083
不处哈z,福建,“幸福只是暂时.的新鲜感永远会过”,0,2024-10-14 20:03:26,0.9248130882783264
不处哈z,福建,时间真快 关于我们的一切回忆你都忘了 你也开始接受别的人了,2,2024-10-14 20:01:59,0.9631013871267016
不处哈z,福建,我反复回忆曾经的美好画面 但我却忘了人都是会变的.,2,2024-10-14 20:00:41,0.9955952472363028
不处哈z,福建,“要听多少遍慢慢才能回到那天相遇”,1,2024-10-14 19:58:12,0.9828918707736314
红枫落与君辞,河北,有的人注定是得不到的，就是过眼云烟，没有必要去得到，,2,2024-10-14 14:45:16,0.9901492762076313
Aaa呆小鱼,福建,我试图忘记你可连做梦都是你.,1,2024-10-14 13:09:43,0.8451442033860028
Aaa呆小鱼,福建,知道你不会回头 愿你无忧.,0,2024-10-14 13:09:23,0.674333610073156
Aaa呆小鱼,福建,不必哽咽 你我相遇本就是错误.,0,2024-10-14 13:08:20,0.9554434657037381
Aaa呆小鱼,福建,感情就像乘法一方为零结果为零.,0,2024-10-14 13:07:46,0.6235221693221901
Aaa呆小鱼,福建,生命里最舍不得翻过的那一篇是你.,0,2024-10-14 13:07:08,0.9857339414642131
Aaa呆小鱼,福建,真正杀死我的是突然想到和你零零碎碎的回忆.,0,2024-10-14 13:06:41,0.9817585049725455
Aaa呆小鱼,福建,收起你的恋爱 做回自己的大女主.,0,2024-10-14 13:05:59,0.9650008560262131
Aaa呆小鱼,福建,“我为什么要迎合你 来改变我自己”,1,2024-10-14 13:05:22,0.6013227013816203
Aaa呆小鱼,福建,你敷衍的解释 仿佛错的不是你一样.,0,2024-10-14 13:04:39,0.04816323530504374
-小蠢-,广西,那年我们强强联手 蛐蛐别人没有对手如果恋爱脑要坐牢 我会爱上典狱长宝宝好飒 是飒比吗最喜欢秋天了 就像恋爱一样 早晚都得凉,0,2024-10-14 11:48:49,0.9999822588224608
-小蠢-,广西,他送的花 只有王者的玫瑰花想牵他的手怕他抠完鼻屎不洗手谈恋爱吗?谈两天 我周末没事大师 七情六欲 朕怎么只剩下食欲了,1,2024-10-14 11:46:22,0.9839335224513726
horlin-,湖南,无论你手上用的是哪一台相机，我都由衷的建议你走出去，去看看这个美丽的世界，欣赏久未凝视过的日出和日落，还有城市里难能一见的满天星辰，灿烂星河，按下快门，去拍下你眼中看到的曼妙风景，去记录你所在乎的人和事。只有这样，相机的参数才被赋予了真正的意义。  ——Links,11,2024-10-14 10:56:10,0.9999448511542991
祈风-ff,山东,祝幸福！₍˄·͈༝·͈˄*₎◞ ̑̑,0,2024-10-14 09:47:07,0.9802736485596131
_匿名的好友__,广东,拿什么怀念你呢，一张合照都没有,0,2024-10-13 21:47:01,0.5487395505171427
訢情_0,广西,你敷衍的解释 仿佛错的不是你一样.,0,2024-10-13 21:42:08,0.04816323530504374
訢情_0,广西,人生第一课 你没有那么多观众人生第二课 你不是谁的最好朋友人生第三课 不和没必要的人生气人生第四课 健康最重要人生第五课 接受自己的平庸人生第六课 做你自己人生第七课 爱人先爱己人生第八课 勇敢的人先享受世界人生第九课 学会拒绝人生最重要的一课 你永远是最好的自己,0,2024-10-13 21:41:39,0.9999999999876497
-念念呐呐呐,宁夏,在新同学的身上 总能看见故人的影子,0,2024-10-13 20:54:20,0.9718175162846012
偲情_,贵州,哈哈😊,0,2024-10-13 20:51:41,0.5
物是人非0_,浙江,他下飞机的那一刻，就已经知道了也是我该落寞的时候也是少帅的落寞的时候,1,2024-10-13 20:51:14,0.5430843953825639
江余愚,福建,永远这个词已经听烂了,4,2024-10-13 19:48:42,0.48185707787830356
艺甜然,浙江,什么都是短暂的你也是,2,2024-10-13 19:38:15,0.7014702874018203
艺甜然,浙江,什么都是短暂的你也是,0,2024-10-13 19:37:26,0.7014702874018203
大江东去gvf,北京,爱自己是终生浪漫的开始[多多可怜],0,2024-10-13 18:28:50,0.9942965600922375
zimo失策,江西,“我为什么要迎合你 来改变我自己”,1,2024-10-13 18:03:43,0.6013227013816203
-藺秋,贵州,你的行为让我窒息 再见了那个困住我3年的男孩,1,2024-10-13 17:33:13,0.9329322255317367
善意or谎言,北京,留不住的人就不要留了,0,2024-10-13 17:23:23,0.20126184279364667
冥焱帝尊,北京,我也是[流泪]真的不想再恋爱了,0,2024-10-13 17:09:40,0.9223391520599288
KaiserFriedrich,吉林,五代十国都算好了，那时候不团结，鬼子渔翁得利,2,2024-10-13 16:25:55,0.4247019328821552
-姜悸-,贵州,不必哽咽 你我相遇本就是错误.,0,2024-10-13 16:14:10,0.9554434657037381
一生只爱HCS,广东,会,0,2024-10-13 14:46:08,0.5539033457249072
用户1441192427,广东,别管他们怎么说你，做好自己就好,1,2024-10-13 13:58:40,0.6224855137899472
Tracasserie_,广东,爱不是靠一个人付出就能得到回报,1,2024-10-13 13:23:04,0.9476727704912788
今日油管必看,北京,回忆只是怀念 永远不会再重演,0,2024-10-13 13:09:21,0.9926569275147745
-ID破镜,广东,别等错过才去后悔 别等失去才想挽回,0,2024-10-13 13:03:13,0.305040051903277
-ID破镜,广东,故事不感人但讲故事的人却一直掉眼泪,1,2024-10-13 13:01:42,0.9972677540166335
Dellyhhkm,北京,所以 我才要努力变优秀 这样才有资格站在他身边 不让他输,0,2024-10-13 12:56:36,0.8889747887655572
固稚t,福建,真心喜欢属实累舔狗当的我心碎.苦痛就像鱼刺 越讨厌越刺的我说不出话回︋忆︋只︋是︋怀︋念︋ 永︋远︋不︋会︋重︋演︋,1,2024-10-13 12:49:47,0.43376078174371835
固稚t,福建,属于我们的那段回忆 我走不出来了.我表面风平浪静其实内心痛到窒息.爱情就像一道菜一旦隔夜就变质了.风雨消散了誓言你我不再是当年.我盯着聊天记录被泪水模糊了视线.好听的话太多了带真诚的话也像谎话.,0,2024-10-13 12:49:25,0.999863035317436
固稚t,福建,我一直在等你  等花开  等风起  等蝉鸣  等落叶  等初雪  等你的冬天突然想哭 这一路走来没人好好爱我.我最后的狠心是不给自己留任何退路我从未放弃喜欢你 只是从浓烈变的悄无声息.,0,2024-10-13 12:49:05,0.9009051055240359
污污污克丽丽_,浙江,其实她只是习惯你了而已[可爱],0,2024-10-13 12:37:50,0.7774327131074694
未来皆是星辰,广东,求一个女朋友[多多可怜],0,2024-10-13 12:20:49,0.595020674826661
杏仁小饼干-1,河北,会,0,2024-10-13 12:11:54,0.5539033457249072
-a零忆-,河南,属于我们的那段回忆 我走不出来了.我表面风平浪静其实内心痛到窒息.爱情就像一道菜一旦隔夜就变质了.风雨消散了誓言你我不再是当年.我盯着聊天记录被泪水模糊了视线.好听的话太多了带真诚的话也像谎话.,2,2024-10-13 11:50:22,0.999863035317436
-a零忆-,河南,我并不希望我的爱是凌晨流不完的泪水.真正杀死我的是突然想到和你零零碎碎的回忆.情绪上头的那一刻我们都不再是我们.可笑吧我找不到任何挽回你的理由.感情就像乘法一方为零结果为零.生命里最舍不得翻过的那一篇是你.,0,2024-10-13 11:48:40,0.9999304353192756
-a零忆-,河南,我待你与他人不同可你始终不懂.能用刀解决的事我从不流泪.明明只是赌气说分手后来变成了永别.故事翻篇了 可是你永远欠我一份真诚.冷暴力是想结束的一切源头.哭到身体发抖身体抽搐的日子不想在回忆了.,0,2024-10-13 11:46:13,0.9998333292142502
-a零忆-,河南,打个字而已你又感动了.等我彻底放下的那天我会比你更绝情.心软之人便是无福之人.胃病要折磨我你也是.你给我的爱无人能及  当然给我的痛也是.时间不是问题我就怕你心里没有我.,0,2024-10-13 11:45:13,0.9828252714186667
又遇茉莉雨,安徽,有空多爱自己 别人很忙.,1,2024-10-13 11:23:16,0.7151134308503525
动态小面包,河北,她如同一个过客一样，从我的生命中突然出现，然后又消失。,0,2024-10-13 11:11:44,0.997311444594817
祝你幸福_rKH,贵州,我试图忘记你可连做梦都是你.,1,2024-10-13 11:05:06,0.8451442033860028
芝士酱r,重庆,不忙 你说 我在听,1,2024-10-13 11:02:09,0.21806638717496396
1心随音律_,河北,小时候特别想一下子长大 因为人们常说“等你长大了就知道了” 是啊 我明白了很多事情 可是 为什么如此孤独啊,2,2024-10-13 10:25:35,0.9999507063614786
呆总_YFJ,云南,他现在是我的暧昧对象 之前我们也谈过 但是才一天 当时我不喜欢他  对他也没有好感只是朋友  因为没有感情所以后来分手了也不难过  可是现在他的举动能然我想起我们之前才在一起一天发生的事  好要他那天晚上靠在我身上迷迷糊糊睡着了  我听到他在叫我的名字  后来我把他叫醒  他说 你想亲我就直说,0,2024-10-13 09:56:12,0.8528039239820276
O_o云夏,四川,哈哈哈坐等[多多可怜],0,2024-10-13 09:28:50,0.8920858589017941
知郁_uQex,四川,收起你的恋爱 做回自己的大女主,1,2024-10-13 08:50:40,0.9650008560262131
知郁_uQex,四川,收起你的恋爱 做回自己的大女主,1,2024-10-13 08:50:15,0.9650008560262131
卢森堡市博学画家,山东,“我们不是干净的朋友，也不是敞亮的爱人.”,1,2024-10-13 08:39:33,0.9133657074502755
彤欣瑶_,广东,我一直在等你  等花开  等风起  等蝉鸣  等落叶  等初雪  等你的冬天,1,2024-10-13 07:32:26,0.3677388489686032
---秋刀鱼_____,江西,点赞收到我的一句悄悄话,1,2024-10-13 04:13:09,0.9193258063546049
-相见亦难别亦难-,甘肃,加一,0,2024-10-13 01:48:14,0.483455882352941
A1与你_,河北,此刻 听这首歌的我们都要幸福,2,2024-10-13 00:31:52,0.9976679120479676
ID皖安,广东,时间会教我两样东西 就是珍惜和放弃,0,2024-10-12 23:44:58,0.8830965278265486
腮枝棍棍-22x,广东,不管多难都打不倒棍丝的，棍丝一直都是最有韧性的，猫毛永在,1,2024-10-12 22:49:43,0.9684722142723826
ZJ9544i,福建,要幸福哦,0,2024-10-12 22:44:31,0.9162790697674418
别敷衍我_了,内蒙古,加1,0,2024-10-12 22:24:26,0.29039314792965054
幸f如履薄冰,河南,回︋忆︋只︋是︋怀︋念︋ 永︋远︋不︋会︋重︋演︋,0,2024-10-12 22:14:44,0.4702419479911384
koi-仪,四川,听过嘛 和小矮子谈恋爱会更幸福.,1,2024-10-12 22:02:44,0.9962894090023576
无翊妍,贵州,时间慢点吧不想去没有你的校园.比起你的五官 更清楚你的侧脸和背影.你是支撑我在学校读书的支柱.是越界的朋友还是不达标的恋人.你是我出了校园就再也见不到的人.我喜欢的那么明显他真的不知道吗.课间十分钟总是期待看到你的身影.暗恋生涯到此结束祝好.,0,2024-10-12 21:27:34,0.999998079545644
无翊妍,贵州,你是我一世的恋情，我永远用爱的渴望描绘和塑造你的形象.你别苦于岁月漫长难熬，总有人愿折了余生陪你消遣.暗恋是一种礼貌，暗地里盖一座城堡.说实话我挺怀念那段暧昧不清的日子.擦肩而过时我总会回头看你.用黑白的记忆  写满了青春的'那些聚散离合.最爱你了 别走.,0,2024-10-12 21:23:40,0.999999997611638
_曾经的誓言0,河南,记得,1,2024-10-12 20:20:09,0.7848837209302325
戒焦戒躁戒熬夜,贵州,加一,0,2024-10-12 20:09:34,0.483455882352941
江苓楠,河北,知道你不会回头 愿你无忧.,0,2024-10-12 19:50:16,0.674333610073156
困季jsk,贵州,聚散离合总是有命数安排，我知道时间到了。在时间里面，我们什么也不能留下。包括痛苦，快乐和生命。时间停住了，片刻的忧怨，促使我笔下一个个带伤的文字用黑白的记忆，写满了青春的'那些聚散离合。人生最大的遗憾是错过了有你和我的年华。,0,2024-10-12 19:31:56,0.9999998234305062
困季jsk,贵州,他和我曾经在生活某个空白的段落里，借用了彼此的犹豫来取暖。时间太短促，不需要告别。爱情同样是一个游戏，但它控制你，你不能控制它。时光一去不复返，只留下满目荒凉。有些人很好，但是总是无法在一起。,3,2024-10-12 19:30:53,0.9997002168620152
困季jsk,贵州,如果思念的尽头是重逢就好了以后我就不在你身边了，你一定要照顾好自己，对自己好一点困住我的是不甘心不是你。真是讽刺，我想留的人留不住，不想要的人拼命想离开。我以为我看到了光，没想到却是转瞬即逝的石中火。,0,2024-10-12 19:30:08,0.99807779255833
困季jsk,贵州,你珍惜我 我的身边自然是你一提到他的名字就不自觉微笑 是你嘛.真心喜欢属实累舔狗当的我心碎.露出点破绽吧 让我知道你在想我我从未放弃喜欢你 只是从浓烈变的悄无声息.,0,2024-10-12 19:14:30,0.9999409343971578
-陷温O_o,山东,苦痛就像鱼刺 越讨厌越刺的我说不出话,1,2024-10-12 18:56:22,0.04919952373128522
-陷温O_o,山东,相爱为什么会分开 因为问题大于爱.,0,2024-10-12 18:56:20,0.7859985104282142
困季jsk,贵州,如果爱是迎万难  那我们携手同行.小弟  绝交是不可能的 永远是必然的重要的人一直在身边 是谁我不说 .你的出现时 我的心动便有意义.倘若你愿意与我同行 再苦我也陪你.,1,2024-10-12 18:55:41,0.6682696625008766
困季jsk,贵州,万物与我 都是自由诗.为了等你  我也错过了等我的人.人不能天真一辈子.晚安是爱你的续篇 答案在每个明天。有你伴我行这条路我会走到灯火通明.,0,2024-10-12 18:54:32,0.9999978006666791
N的脸红了唉,江西,真心喜欢属实累舔狗当的我心碎.,0,2024-10-12 18:35:07,0.9536521920025275
牙疼没蛋不疼,广东,沉浸在旋律的海洋中，这首歌带你穿越时空，体验无尽的浪漫。,1,2024-10-12 18:33:18,0.9999900449940744
小姐5450540,广西,好好听,2,2024-10-12 17:59:51,0.46175896454978704
固稚t,福建,你遍体鳞伤的时候，谁会在乎你的感受呢？原来那天你看着我的眼睛 是告别一提到他的名字就不自觉微笑 是你嘛.我慢慢习惯了没有你的习惯,0,2024-10-12 17:38:36,0.9904837023829866
C一小小婷,河南,那天为了挽留你 说出的话 连我自己都看不起自己,1,2024-10-12 16:34:21,0.9121906697890736
黎罹蠡狸,北京,这个前提是他喜欢你[流泪],0,2024-10-12 16:22:48,0.9309118373439932
乄簞蒓e莪,广东,如果我不主动去找你，也许我们真的错过了,0,2024-10-12 15:18:38,0.6940924669513993
胡子拉碴jvs,北京,我也好想听[流泪],0,2024-10-12 14:08:27,0.9053006144822249
浅绿色曦,山东,在我喜欢的状态里生活,3,2024-10-12 13:55:42,0.9397675640311303
我超棒_zcIF,新疆,再也不想恋爱了,2,2024-10-12 13:33:17,0.6997982652706985
結束吧暗戀者,河北,想看看你们幸福时候的照片.,0,2024-10-12 13:02:03,0.8992871808042737
春山里都是自由,江西,加1,1,2024-10-12 11:00:16,0.29039314792965054
忄忄豪思,广西,你们的恋爱观终究变成了迟早会分开,0,2024-10-11 23:00:05,0.6931556330631552
忄忄豪思,广西,"别不信你分享列表第一位肯定""偷偷""喜欢你了.",0,2024-10-11 22:59:11,0.876516468280603
忄忄豪思,广西,永远喜欢青花瓷 就像永远喜欢你.,0,2024-10-11 22:57:45,0.9449190251041087
听雷岛,广东,如果你说你累了想分了就和我说我成全你。,0,2024-10-11 22:55:39,0.16950502193612238
zhi-_FiVr,湖南,书有结局，但我与你的故事没有 𝐓𝐡𝐞 𝐛𝐨𝐨𝐤 𝐡𝐚𝐬 𝐚𝐧 𝐞𝐧𝐝𝐢𝐧𝐠， 𝐛𝐮𝐭 𝐦𝐲 𝐬𝐭𝐨𝐫𝐲 𝐰𝐢𝐭𝐡 𝐲𝐨𝐮 𝐝𝐨𝐞𝐬 𝐧𝐨𝐭.,0,2024-10-11 22:05:19,0.9368228962061987
zhi-_FiVr,湖南,好听我是忠诚的信徒，是赫尔墨斯的化身”“世俗的枷锁永远囚禁不住我对你的思念”  𝐒𝐞𝐜𝐮𝐥𝐚𝐫 𝐬𝐡𝐚𝐜𝐤𝐥𝐞𝐬 𝐰𝐢𝐥𝐥 𝐧𝐞𝐯𝐞𝐫 𝐢𝐦𝐩𝐫𝐢𝐬𝐨𝐧 𝐦𝐲 𝐭𝐡𝐨𝐮𝐠𝐡𝐭𝐬 𝐨𝐟 𝐲𝐨𝐮.”,1,2024-10-11 22:04:09,0.9999121378712909
忄忄豪思,广西,如果前任说我想你了，你会和她复合吗？,0,2024-10-11 20:16:19,0.21092713554604092
韩怡年,河南,本来以为这辈子不会喜欢网红 结果半路杀出来一个杨付诚,1,2024-10-11 19:41:32,0.09916643943482462
鱼冻Tik,广西,。你,0,2024-10-11 19:02:21,0.5262327818078083
塔尔寺言行得当茶点,湖南,冷知识：在你放弃喜欢的人时 他就会喜欢上你,1,2024-10-11 18:57:44,0.9902134208712716
星星-_-月,广东,我也记得,1,2024-10-11 16:09:37,0.7848837209302325
全幼稚最帅的小盆友,广东,谢谢你！让我感受到了温暖[多多大笑],0,2024-10-11 13:44:53,0.9955938675084234
十一嬅,上海,坐等,0,2024-10-11 13:41:24,0.5
忄忄豪思,广西,你还知道你们之前两个的约定吗.,0,2024-10-11 12:24:21,0.8182252649596565
忄忄豪思,广西,你当初这么爱她！她却不爱你.,0,2024-10-11 12:23:42,0.8787819480279618
忄忄豪思,广西,你还知道你之前的约定,1,2024-10-11 12:23:12,0.8587970006997041
忄忄豪思,广西,别人赏天上月 我赏我心中明月.,0,2024-10-11 12:21:34,0.5931006168770343
-小蠢-,广西,我不仅长得很刻薄语言也很刻薄.内涵你怎么了法治社会你要弄三我么.内涵是警告你别等我真的出手你放不下的别人早就放进去了.,0,2024-10-11 11:54:24,0.09321195810601113
-小蠢-,广西,半斤八两的爱 我不需要给我幸福是让我去陪你吃路边摊吗?半斤八两的爱束缚不了我追求大众审美做什么？物以稀为贵  你也很美,0,2024-10-11 11:53:13,0.8464286296982222
-小小爽-,河南,你不爱我只是自欺欺人罢了,0,2024-10-11 11:22:32,0.2608440216854687
淮橘汁海,广东,点了  坐等 真嘟假嘟[多多大笑],0,2024-10-11 10:39:06,0.8577290150226302
万邪归巢,河南,等,0,2024-10-11 09:36:46,0.5262327818078083
